id_venda;data;cliente;produto;categoria;quantidade;valor_unitario;cidade;estado;forma_pagamento
1;01/01/2026 00:19;Arthur Fernandes;Roteador Wi-Fi 6;Informática;7;320.0;Londrina;PR;Boleto Bancário
2;01/01/2026 09:18;Rafael Ferreira;Notebook Pro;Informática;4;6200.0;Apucarana;PR;Cartão de Crédito
3;01/01/2026 09:46;Amanda Pereira;Mousepad Extended;Informática;6;69.9;Londrina;PR;Pix
4;01/01/2026 21:55;Enzo Rodrigues;Memória RAM 16GB DDR4;Informática;4;320.0;Maringá;PR;Boleto Bancário
5;01/01/2026 23:13;Amanda Souza;Cabo de Rede CAT6 5m;Informática;6;25.0;Ibiporã;PR;Boleto Bancário
6;02/01/2026 03:49;Mateus Vieira;Notebook Gamer;Informática;3;5499.0;Cambé;PR;Cartão de Crédito
7;02/01/2026 05:55;João Lopes;HD Externo 2TB;Informática;1;449.0;Cambé;PR;Pix
8;02/01/2026 06:19;Mateus Barbosa;Roteador Wi-Fi 6;Informática;10;320.0;Cambé;PR;Cartão de Crédito
9;02/01/2026 13:08;Rafael Souza;Mouse Gamer RGB;Informática;5;149.9;Apucarana;PR;Boleto Bancário
10;03/01/2026 03:27;João Lima;Water Cooler 240mm;Informática;11;410.0;Londrina;PR;Cartão de Crédito
11;03/01/2026 08:41;Guilherme Martins;Suporte Articulado;Informática;1;150.0;Apucarana;PR;Boleto Bancário
12;03/01/2026 14:57;Daniel Barbosa;Memória RAM 32GB DDR5;Informática;3;750.0;Maringá;PR;Cartão de Crédito
13;03/01/2026 22:10;Gabriel Lima;Scanner de Mesa;Informática;4;650.0;Ibiporã;PR;Pix
14;04/01/2026 06:59;Thiago Rodrigues;Monitor Gamer 27 165Hz;Informática;10;1350.0;Ibiporã;PR;Pix
15;04/01/2026 18:18;Julia Carvalho;Notebook Gamer;Informática;7;5499.0;Arapongas;PR;Cartão de Crédito
16;05/01/2026 00:34;Daniel Ribeiro;Notebook Gamer;Informática;2;5499.0;Arapongas;PR;Boleto Bancário
17;05/01/2026 02:18;Mateus Barbosa;Filtro Linha 6 Tomadas;Informática;12;49.9;Apucarana;PR;Pix
18;05/01/2026 07:13;Bruna Fernandes;Monitor Gamer 27 165Hz;Informática;10;1350.0;Londrina;PR;Boleto Bancário
19;05/01/2026 08:35;Beatriz Rodrigues;Placa-Mãe MSI Gaming;Informática;8;890.0;Ibiporã;PR;Boleto Bancário
20;05/01/2026 11:19;João Pereira;Impressora Tanque Tinta;Informática;2;1100.0;Cambé;PR;Pix
21;05/01/2026 11:21;Mateus Vieira;HD Externo 2TB;Informática;4;449.0;Arapongas;PR;Pix
22;05/01/2026 11:50;Letícia Souza;Mouse Gamer RGB;Informática;6;149.9;Cambé;PR;Boleto Bancário
23;05/01/2026 20:32;Leonardo Alves;Memória RAM 32GB DDR5;Informática;8;750.0;Apucarana;PR;Boleto Bancário
24;06/01/2026 01:50;Mateus Pereira;Suporte Articulado;Informática;1;150.0;Londrina;PR;Boleto Bancário
25;06/01/2026 12:55;Larissa Fernandes;Monitor 21.5 IPS;Informática;2;599.0;Maringá;PR;Pix
26;06/01/2026 18:24;Felipe Pereira;Monitor 21.5 IPS;Informática;7;599.0;Maringá;PR;Boleto Bancário
27;06/01/2026 21:52;João Santos;Memória RAM 32GB DDR5;Informática;5;750.0;Maringá;PR;Pix
28;07/01/2026 01:15;Larissa Oliveira;Placa-Mãe MSI Gaming;Informática;6;890.0;Apucarana;PR;Cartão de Crédito
29;07/01/2026 02:22;Gustavo Martins;Headset Gamer;Informática;11;199.9;Maringá;PR;Cartão de Crédito
30;07/01/2026 02:41;Vitor Barbosa;Caixa de Som PC;Informática;5;120.0;Ibiporã;PR;Boleto Bancário
31;07/01/2026 04:00;Larissa Almeida;Suporte Articulado;Informática;7;150.0;Ibiporã;PR;Cartão de Crédito
32;07/01/2026 15:06;Rodrigo Fernandes;Scanner de Mesa;Informática;1;650.0;Maringá;PR;Pix
33;07/01/2026 19:30;Enzo Vieira;Placa-Mãe ASUS Prime;Informática;10;780.0;Maringá;PR;Boleto Bancário
34;07/01/2026 19:59;Arthur Lopes;Mini PC Intel;Informática;1;1250.0;Londrina;PR;Boleto Bancário
35;07/01/2026 23:11;Gabriel Fernandes;Teclado Mecânico;Informática;7;249.9;Ibiporã;PR;Cartão de Crédito
36;08/01/2026 01:30;Lucas Martins;Monitor Gamer 24 144Hz;Informática;4;980.0;Arapongas;PR;Cartão de Crédito
37;08/01/2026 02:02;Julia Gomes;Nobreak 1500VA;Informática;2;799.0;Apucarana;PR;Pix
38;08/01/2026 02:47;Felipe Costa;Mouse Sem Fio;Informática;7;89.9;Maringá;PR;Boleto Bancário
39;08/01/2026 10:59;Thiago Rodrigues;Mini PC Intel;Informática;2;1250.0;Cambé;PR;Boleto Bancário
40;08/01/2026 12:21;Letícia Santos;Processador Intel i7;Informática;11;1950.0;Maringá;PR;Pix
41;08/01/2026 15:56;Letícia Ferreira;Teclado de Membrana;Informática;4;79.9;Ibiporã;PR;Boleto Bancário
42;09/01/2026 02:25;Guilherme Martins;SSD 500GB NVMe;Informática;10;260.0;Ibiporã;PR;Pix
43;09/01/2026 05:59;Bruna Martins;HD Externo 2TB;Informática;2;449.0;Maringá;PR;Cartão de Crédito
44;09/01/2026 14:38;Mateus Alves;Cabo de Rede CAT6 5m;Informática;7;25.0;Apucarana;PR;Pix
45;09/01/2026 19:09;Felipe Costa;Mouse Gamer RGB;Informática;4;149.9;Apucarana;PR;Boleto Bancário
46;10/01/2026 05:26;João Ferreira;Placa-Mãe MSI Gaming;Informática;9;890.0;Cambé;PR;Boleto Bancário
47;10/01/2026 09:58;Mateus Fernandes;Nobreak 1500VA;Informática;5;799.0;Ibiporã;PR;Cartão de Crédito
48;10/01/2026 20:12;Enzo Alves;Tablet Android 10;Informática;4;899.0;Cambé;PR;Boleto Bancário
49;11/01/2026 00:15;Letícia Pereira;Monitor Ultrawide 29;Informática;12;1150.0;Arapongas;PR;Pix
50;11/01/2026 01:02;Vitor Ferreira;Notebook Pro;Informática;4;6200.0;Arapongas;PR;Pix
51;11/01/2026 02:12;Lucas Santos;Memória RAM 16GB DDR4;Informática;8;320.0;Ibiporã;PR;Boleto Bancário
52;11/01/2026 07:13;Larissa Silva;Placa-Mãe ASUS Prime;Informática;1;780.0;Apucarana;PR;Pix
53;11/01/2026 07:45;Beatriz Ferreira;Memória RAM 32GB DDR5;Informática;10;750.0;Arapongas;PR;Pix
54;11/01/2026 09:50;Bruno Rodrigues;Roteador Wi-Fi 6;Informática;3;320.0;Arapongas;PR;Cartão de Crédito
55;11/01/2026 11:34;Diego Silva;Processador AMD Ryzen 7;Informática;2;1780.0;Londrina;PR;Pix
56;11/01/2026 13:01;Arthur Alves;HD Externo 2TB;Informática;1;449.0;Arapongas;PR;Boleto Bancário
57;11/01/2026 14:58;Vitor Barbosa;Cooler Fan 120mm;Informática;12;45.0;Cambé;PR;Pix
58;11/01/2026 23:28;Daniel Barbosa;Microfone Condensador;Informática;7;340.0;Londrina;PR;Boleto Bancário
59;11/01/2026 23:55;Gabriel Oliveira;Roteador Wi-Fi 6;Informática;10;320.0;Maringá;PR;Pix
60;12/01/2026 01:19;Diego Pereira;Placa-Mãe MSI Gaming;Informática;2;890.0;Cambé;PR;Cartão de Crédito
61;12/01/2026 01:35;Gabriel Oliveira;SSD 500GB NVMe;Informática;6;260.0;Arapongas;PR;Boleto Bancário
62;12/01/2026 12:03;André Costa;Notebook Gamer;Informática;11;5499.0;Ibiporã;PR;Boleto Bancário
63;12/01/2026 12:28;Diego Pereira;Placa-Mãe ASUS Prime;Informática;12;780.0;Arapongas;PR;Boleto Bancário
64;12/01/2026 13:23;Aline Barbosa;Fonte Real 750W;Informática;4;490.0;Londrina;PR;Pix
65;12/01/2026 18:41;Thiago Costa;Memória RAM 16GB DDR4;Informática;10;320.0;Cambé;PR;Cartão de Crédito
66;13/01/2026 07:47;Gustavo Martins;Mouse Sem Fio;Informática;12;89.9;Ibiporã;PR;Boleto Bancário
67;13/01/2026 11:41;Gabriel Fernandes;SSD 2TB NVMe;Informática;1;820.0;Ibiporã;PR;Cartão de Crédito
68;13/01/2026 19:47;Diego Lima;Impressora Tanque Tinta;Informática;3;1100.0;Arapongas;PR;Pix
69;13/01/2026 20:21;Maria Souza;Monitor 4K 32;Informática;12;2400.0;Apucarana;PR;Cartão de Crédito
70;14/01/2026 04:09;Gustavo Souza;Headset Gamer;Informática;12;199.9;Apucarana;PR;Boleto Bancário
71;14/01/2026 06:17;Diego Santos;Memória RAM 16GB DDR4;Informática;1;320.0;Apucarana;PR;Pix
72;14/01/2026 06:33;Diego Alves;Water Cooler 240mm;Informática;2;410.0;Apucarana;PR;Boleto Bancário
73;14/01/2026 12:32;Vitor Barbosa;Adaptador Bluetooth USB;Informática;2;39.9;Arapongas;PR;Pix
74;14/01/2026 20:41;Felipe Alves;Monitor Ultrawide 29;Informática;1;1150.0;Arapongas;PR;Boleto Bancário
75;15/01/2026 02:42;Mateus Santos;SSD 1TB NVMe;Informática;3;450.0;Apucarana;PR;Cartão de Crédito
76;15/01/2026 04:32;Lucas Silva;Adaptador Bluetooth USB;Informática;12;39.9;Londrina;PR;Cartão de Crédito
77;15/01/2026 11:32;Pedro Oliveira;Filtro Linha 6 Tomadas;Informática;1;49.9;Londrina;PR;Cartão de Crédito
78;15/01/2026 14:08;Gabriel Martins;Fonte Real 750W;Informática;8;490.0;Apucarana;PR;Pix
79;15/01/2026 17:26;Thiago Souza;SSD 500GB NVMe;Informática;1;260.0;Cambé;PR;Boleto Bancário
80;15/01/2026 17:29;Larissa Oliveira;Filtro Linha 6 Tomadas;Informática;7;49.9;Maringá;PR;Pix
81;16/01/2026 14:06;Julia Carvalho;Fonte Real 750W;Informática;12;490.0;Apucarana;PR;Pix
82;16/01/2026 17:57;Aline Santos;Placa-Mãe ASUS Prime;Informática;6;780.0;Londrina;PR;Boleto Bancário
83;16/01/2026 18:35;Vitor Ferreira;Mini PC Intel;Informática;3;1250.0;Maringá;PR;Boleto Bancário
84;16/01/2026 19:40;Leonardo Ferreira;Placa de Vídeo RTX 4060;Informática;2;2100.0;Arapongas;PR;Pix
85;16/01/2026 19:47;Diego Pereira;Cadeira Gamer;Informática;6;990.0;Londrina;PR;Boleto Bancário
86;16/01/2026 21:07;Diego Lima;Monitor 21.5 IPS;Informática;6;599.0;Maringá;PR;Pix
87;16/01/2026 22:08;Enzo Alves;Adaptador Bluetooth USB;Informática;12;39.9;Cambé;PR;Cartão de Crédito
88;17/01/2026 12:31;Mateus Santos;Monitor 21.5 IPS;Informática;10;599.0;Arapongas;PR;Cartão de Crédito
89;17/01/2026 15:28;Vitor Soares;Nobreak 1500VA;Informática;4;799.0;Maringá;PR;Cartão de Crédito
90;17/01/2026 17:34;Felipe Rodrigues;Webcam Full HD;Informática;4;210.0;Cambé;PR;Pix
91;17/01/2026 18:06;Enzo Oliveira;Notebook Gamer;Informática;1;5499.0;Apucarana;PR;Cartão de Crédito
92;17/01/2026 20:52;Mateus Carvalho;Suporte Articulado;Informática;7;150.0;Ibiporã;PR;Boleto Bancário
93;18/01/2026 03:38;Julia Gomes;Mouse Sem Fio;Informática;4;89.9;Cambé;PR;Cartão de Crédito
94;18/01/2026 07:40;Thiago Fernandes;Webcam Full HD;Informática;1;210.0;Maringá;PR;Boleto Bancário
95;18/01/2026 07:49;André Lima;Water Cooler 240mm;Informática;1;410.0;Maringá;PR;Boleto Bancário
96;18/01/2026 11:15;Daniel Barbosa;Webcam Full HD;Informática;6;210.0;Arapongas;PR;Boleto Bancário
97;18/01/2026 13:43;Bruna Silva;Placa-Mãe MSI Gaming;Informática;2;890.0;Cambé;PR;Cartão de Crédito
98;18/01/2026 15:02;Ana Gomes;Notebook Gamer;Informática;2;5499.0;Cambé;PR;Boleto Bancário
99;18/01/2026 16:34;Felipe Lima;Placa de Vídeo RX 7600;Informática;11;1650.0;Maringá;PR;Cartão de Crédito
100;18/01/2026 16:41;Gabriel Ferreira;Cooler Fan 120mm;Informática;6;45.0;Arapongas;PR;Boleto Bancário
101;18/01/2026 21:58;Bruna Fernandes;Filtro Linha 6 Tomadas;Informática;6;49.9;Arapongas;PR;Pix
102;19/01/2026 01:27;Maria Fernandes;Fonte Real 650W;Informática;4;380.0;Maringá;PR;Boleto Bancário
103;19/01/2026 02:17;Diego Soares;Memória RAM 8GB DDR4;Informática;2;180.0;Maringá;PR;Pix
104;19/01/2026 09:29;Amanda Santos;Monitor 21.5 IPS;Informática;7;599.0;Londrina;PR;Boleto Bancário
105;19/01/2026 14:26;Diego Santos;Teclado de Membrana;Informática;4;79.9;Arapongas;PR;Pix
106;19/01/2026 14:29;Amanda Pereira;Monitor 21.5 IPS;Informática;2;599.0;Londrina;PR;Cartão de Crédito
107;19/01/2026 18:40;Enzo Alves;Mini PC Intel;Informática;12;1250.0;Ibiporã;PR;Boleto Bancário
108;19/01/2026 22:03;Arthur Fernandes;Placa de Vídeo RTX 4060;Informática;6;2100.0;Maringá;PR;Cartão de Crédito
109;20/01/2026 04:48;João Ferreira;Scanner de Mesa;Informática;6;650.0;Arapongas;PR;Boleto Bancário
110;20/01/2026 05:49;Amanda Vieira;Placa de Vídeo RX 7600;Informática;5;1650.0;Apucarana;PR;Cartão de Crédito
111;20/01/2026 10:38;João Souza;Processador AMD Ryzen 7;Informática;8;1780.0;Cambé;PR;Boleto Bancário
112;20/01/2026 11:16;João Ferreira;Repetidor Wi-Fi;Informática;2;89.0;Arapongas;PR;Cartão de Crédito
113;20/01/2026 18:07;João Ribeiro;Memória RAM 32GB DDR5;Informática;1;750.0;Londrina;PR;Cartão de Crédito
114;20/01/2026 21:03;Rafael Soares;Memória RAM 32GB DDR5;Informática;7;750.0;Apucarana;PR;Boleto Bancário
115;20/01/2026 21:59;Yasmin Costa;Notebook Gamer;Informática;2;5499.0;Cambé;PR;Boleto Bancário
116;20/01/2026 22:18;Maria Fernandes;Gabinete Gamer ATX;Informática;1;320.0;Londrina;PR;Cartão de Crédito
117;21/01/2026 00:16;Arthur Lopes;Notebook Pro;Informática;3;6200.0;Londrina;PR;Pix
118;21/01/2026 05:15;Arthur Alves;Memória RAM 16GB DDR4;Informática;8;320.0;Londrina;PR;Cartão de Crédito
119;21/01/2026 08:28;Leonardo Santos;Adaptador Bluetooth USB;Informática;12;39.9;Arapongas;PR;Pix
120;21/01/2026 10:38;Vitor Oliveira;Processador AMD Ryzen 7;Informática;11;1780.0;Arapongas;PR;Cartão de Crédito
121;21/01/2026 11:14;Yasmin Vieira;Teclado de Membrana;Informática;3;79.9;Apucarana;PR;Pix
122;21/01/2026 13:38;Gustavo Fernandes;Mousepad Extended;Informática;1;69.9;Cambé;PR;Boleto Bancário
123;21/01/2026 14:54;Yasmin Lopes;Notebook Home;Informática;11;2499.0;Apucarana;PR;Pix
124;21/01/2026 15:01;Larissa Pereira;Webcam Full HD;Informática;8;210.0;Londrina;PR;Cartão de Crédito
125;21/01/2026 16:28;Gabriel Almeida;Water Cooler 240mm;Informática;3;410.0;Arapongas;PR;Cartão de Crédito
126;21/01/2026 16:47;Diego Alves;Notebook Pro;Informática;4;6200.0;Ibiporã;PR;Boleto Bancário
127;21/01/2026 19:02;Vitor Oliveira;Processador AMD Ryzen 7;Informática;12;1780.0;Apucarana;PR;Pix
128;21/01/2026 19:55;João Alves;Roteador Wi-Fi 6;Informática;6;320.0;Cambé;PR;Boleto Bancário
129;21/01/2026 20:54;Beatriz Ferreira;Mouse Gamer RGB;Informática;5;149.9;Maringá;PR;Cartão de Crédito
130;22/01/2026 01:09;Enzo Lima;Mouse Gamer RGB;Informática;4;149.9;Londrina;PR;Pix
131;22/01/2026 02:27;Pedro Gomes;Placa de Vídeo RX 7600;Informática;9;1650.0;Apucarana;PR;Boleto Bancário
132;22/01/2026 03:49;Bruno Lima;Fonte Real 650W;Informática;2;380.0;Maringá;PR;Boleto Bancário
133;22/01/2026 03:53;Felipe Silva;Fonte Real 750W;Informática;9;490.0;Ibiporã;PR;Cartão de Crédito
134;22/01/2026 05:17;Vitor Lopes;Suporte Articulado;Informática;10;150.0;Arapongas;PR;Pix
135;22/01/2026 09:35;Thiago Souza;SSD 2TB NVMe;Informática;4;820.0;Cambé;PR;Pix
136;22/01/2026 15:54;Rodrigo Carvalho;Filtro Linha 6 Tomadas;Informática;6;49.9;Cambé;PR;Cartão de Crédito
137;22/01/2026 16:23;Daniel Barbosa;Scanner de Mesa;Informática;6;650.0;Cambé;PR;Boleto Bancário
138;22/01/2026 18:01;Leonardo Alves;SSD 500GB NVMe;Informática;4;260.0;Arapongas;PR;Boleto Bancário
139;22/01/2026 21:08;André Rodrigues;Mouse Sem Fio;Informática;8;89.9;Londrina;PR;Cartão de Crédito
140;22/01/2026 23:27;Larissa Almeida;Placa de Vídeo RX 7600;Informática;10;1650.0;Maringá;PR;Cartão de Crédito
141;22/01/2026 23:57;Mateus Oliveira;Monitor 4K 32;Informática;1;2400.0;Apucarana;PR;Boleto Bancário
142;23/01/2026 02:19;Enzo Vieira;HD Externo 1TB;Informática;6;299.0;Ibiporã;PR;Cartão de Crédito
143;23/01/2026 05:27;Rodrigo Gomes;Mouse Gamer RGB;Informática;1;149.9;Maringá;PR;Boleto Bancário
144;23/01/2026 20:36;Thiago Rodrigues;Scanner de Mesa;Informática;2;650.0;Cambé;PR;Pix
145;23/01/2026 21:54;Bruna Vieira;Placa-Mãe ASUS Prime;Informática;12;780.0;Ibiporã;PR;Pix
146;24/01/2026 00:19;Julia Fernandes;Cabo de Rede CAT6 5m;Informática;6;25.0;Apucarana;PR;Pix
147;24/01/2026 09:20;Bruno Lima;Memória RAM 32GB DDR5;Informática;12;750.0;Arapongas;PR;Boleto Bancário
148;24/01/2026 12:00;João Santos;Monitor Gamer 27 165Hz;Informática;6;1350.0;Maringá;PR;Boleto Bancário
149;24/01/2026 12:32;Enzo Oliveira;Repetidor Wi-Fi;Informática;10;89.0;Apucarana;PR;Cartão de Crédito
150;24/01/2026 13:06;Diego Silva;Tablet Android 10;Informática;3;899.0;Arapongas;PR;Pix
151;24/01/2026 16:41;Amanda Souza;Nobreak 1500VA;Informática;5;799.0;Maringá;PR;Cartão de Crédito
152;24/01/2026 19:38;Felipe Pereira;Nobreak 1500VA;Informática;12;799.0;Cambé;PR;Pix
153;24/01/2026 19:38;Leonardo Pereira;Cadeira Gamer;Informática;1;990.0;Maringá;PR;Boleto Bancário
154;25/01/2026 01:18;Letícia Santos;Mouse Gamer RGB;Informática;4;149.9;Ibiporã;PR;Boleto Bancário
155;25/01/2026 05:08;Guilherme Ribeiro;Memória RAM 8GB DDR4;Informática;3;180.0;Apucarana;PR;Boleto Bancário
156;25/01/2026 10:27;Letícia Carvalho;Placa-Mãe ASUS Prime;Informática;6;780.0;Apucarana;PR;Cartão de Crédito
157;25/01/2026 16:09;Bruna Martins;Notebook Gamer;Informática;12;5499.0;Ibiporã;PR;Boleto Bancário
158;25/01/2026 16:58;Amanda Rodrigues;Nobreak 1500VA;Informática;8;799.0;Londrina;PR;Pix
159;25/01/2026 17:43;João Ferreira;HD Externo 2TB;Informática;12;449.0;Londrina;PR;Pix
160;25/01/2026 23:47;Leonardo Vieira;Gabinete Gamer ATX;Informática;12;320.0;Londrina;PR;Cartão de Crédito
161;26/01/2026 06:18;Arthur Soares;Headset Bluetooth;Informática;12;280.0;Arapongas;PR;Cartão de Crédito
162;26/01/2026 06:40;Lucas Costa;Webcam Full HD;Informática;7;210.0;Apucarana;PR;Boleto Bancário
163;26/01/2026 08:14;Julia Fernandes;Headset Bluetooth;Informática;8;280.0;Cambé;PR;Boleto Bancário
164;26/01/2026 14:10;Vinícius Lopes;Suporte Articulado;Informática;4;150.0;Maringá;PR;Pix
165;26/01/2026 15:39;Julia Santos;Placa-Mãe ASUS Prime;Informática;5;780.0;Londrina;PR;Pix
166;26/01/2026 22:41;Julia Gomes;Gabinete Gamer ATX;Informática;2;320.0;Apucarana;PR;Cartão de Crédito
167;26/01/2026 23:30;Enzo Soares;Headset Bluetooth;Informática;12;280.0;Londrina;PR;Boleto Bancário
168;27/01/2026 18:47;Daniel Carvalho;Placa-Mãe MSI Gaming;Informática;10;890.0;Cambé;PR;Pix
169;27/01/2026 22:54;Rafael Silva;Scanner de Mesa;Informática;7;650.0;Ibiporã;PR;Cartão de Crédito
170;28/01/2026 07:27;Felipe Lima;Switch Gigabit 8 Portas;Informática;3;135.0;Londrina;PR;Cartão de Crédito
171;28/01/2026 10:15;João Lopes;Teclado Mecânico;Informática;4;249.9;Arapongas;PR;Boleto Bancário
172;28/01/2026 10:18;Letícia Ferreira;Repetidor Wi-Fi;Informática;12;89.0;Cambé;PR;Pix
173;28/01/2026 11:54;Letícia Souza;Tablet Android 10;Informática;5;899.0;Maringá;PR;Cartão de Crédito
174;28/01/2026 14:32;Ana Gomes;Placa de Vídeo RX 7600;Informática;10;1650.0;Cambé;PR;Pix
175;28/01/2026 15:45;Vitor Ferreira;SSD 500GB NVMe;Informática;6;260.0;Londrina;PR;Pix
176;28/01/2026 18:01;Enzo Santos;Placa-Mãe MSI Gaming;Informática;11;890.0;Ibiporã;PR;Boleto Bancário
177;29/01/2026 01:51;Vitor Lima;Monitor Gamer 24 144Hz;Informática;2;980.0;Londrina;PR;Cartão de Crédito
178;29/01/2026 06:01;Beatriz Costa;SSD 1TB NVMe;Informática;5;450.0;Londrina;PR;Pix
179;29/01/2026 10:10;Larissa Santos;Memória RAM 16GB DDR4;Informática;7;320.0;Arapongas;PR;Pix
180;29/01/2026 13:37;Amanda Pereira;Tablet Android 10;Informática;2;899.0;Ibiporã;PR;Boleto Bancário
181;29/01/2026 18:07;Rafael Santos;Headset Bluetooth;Informática;6;280.0;Arapongas;PR;Pix
182;30/01/2026 00:54;Guilherme Santos;SSD 2TB NVMe;Informática;1;820.0;Apucarana;PR;Pix
183;30/01/2026 05:19;Amanda Pereira;Monitor 21.5 IPS;Informática;4;599.0;Apucarana;PR;Boleto Bancário
184;30/01/2026 08:11;Gustavo Fernandes;Placa de Vídeo RX 7600;Informática;12;1650.0;Ibiporã;PR;Cartão de Crédito
185;30/01/2026 08:42;Bruna Pereira;Placa-Mãe MSI Gaming;Informática;6;890.0;Cambé;PR;Pix
186;30/01/2026 14:07;Diego Silva;Suporte Articulado;Informática;4;150.0;Cambé;PR;Cartão de Crédito
187;30/01/2026 16:32;Amanda Costa;Headset Bluetooth;Informática;7;280.0;Cambé;PR;Boleto Bancário
188;30/01/2026 18:12;Aline Santos;Monitor Gamer 24 144Hz;Informática;4;980.0;Arapongas;PR;Pix
189;30/01/2026 20:41;Ana Souza;Placa-Mãe MSI Gaming;Informática;12;890.0;Londrina;PR;Boleto Bancário
190;30/01/2026 21:13;Maria Souza;Adaptador Bluetooth USB;Informática;10;39.9;Ibiporã;PR;Boleto Bancário
191;31/01/2026 00:31;Gabriel Fernandes;SSD 500GB NVMe;Informática;8;260.0;Maringá;PR;Cartão de Crédito
192;31/01/2026 04:06;Maria Lima;HD Externo 2TB;Informática;3;449.0;Londrina;PR;Pix
193;31/01/2026 08:49;Bruno Rodrigues;Placa-Mãe MSI Gaming;Informática;7;890.0;Maringá;PR;Boleto Bancário
194;31/01/2026 17:48;Enzo Lima;SSD 500GB NVMe;Informática;5;260.0;Apucarana;PR;Boleto Bancário
195;31/01/2026 18:50;Bruna Martins;Placa-Mãe ASUS Prime;Informática;7;780.0;Cambé;PR;Pix
196;01/02/2026 01:15;Bruna Fernandes;Repetidor Wi-Fi;Informática;5;89.0;Cambé;PR;Pix
197;01/02/2026 16:09;Daniel Barbosa;Processador Intel i7;Informática;10;1950.0;Cambé;PR;Boleto Bancário
198;01/02/2026 23:57;Amanda Oliveira;Webcam Full HD;Informática;7;210.0;Maringá;PR;Cartão de Crédito
199;02/02/2026 10:41;Diego Silva;Adaptador Bluetooth USB;Informática;10;39.9;Londrina;PR;Cartão de Crédito
200;02/02/2026 16:37;Thiago Ribeiro;Adaptador Bluetooth USB;Informática;2;39.9;Apucarana;PR;Boleto Bancário
201;02/02/2026 23:14;Guilherme Martins;Teclado de Membrana;Informática;5;79.9;Arapongas;PR;Boleto Bancário
202;03/02/2026 17:56;Aline Santos;Monitor Gamer 27 165Hz;Informática;10;1350.0;Arapongas;PR;Cartão de Crédito
203;03/02/2026 19:56;Leonardo Almeida;SSD 2TB NVMe;Informática;7;820.0;Maringá;PR;Boleto Bancário
204;04/02/2026 02:17;Bruno Rodrigues;Switch Gigabit 8 Portas;Informática;12;135.0;Arapongas;PR;Cartão de Crédito
205;04/02/2026 02:28;Beatriz Lima;Caixa de Som PC;Informática;12;120.0;Maringá;PR;Cartão de Crédito
206;04/02/2026 02:45;Rafael Almeida;Filtro Linha 6 Tomadas;Informática;5;49.9;Apucarana;PR;Cartão de Crédito
207;04/02/2026 06:52;Enzo Alves;Teclado Mecânico;Informática;5;249.9;Apucarana;PR;Pix
208;04/02/2026 08:46;Vinícius Lopes;Impressora Tanque Tinta;Informática;2;1100.0;Maringá;PR;Cartão de Crédito
209;04/02/2026 09:00;Daniel Souza;Mouse Sem Fio;Informática;8;89.9;Apucarana;PR;Pix
210;04/02/2026 09:20;Julia Carvalho;Nobreak 1500VA;Informática;10;799.0;Ibiporã;PR;Cartão de Crédito
211;04/02/2026 12:15;Arthur Lopes;HD Externo 1TB;Informática;4;299.0;Arapongas;PR;Boleto Bancário
212;04/02/2026 14:42;André Martins;Monitor Gamer 27 165Hz;Informática;9;1350.0;Apucarana;PR;Cartão de Crédito
213;04/02/2026 16:29;Bruno Lima;Monitor Ultrawide 29;Informática;2;1150.0;Apucarana;PR;Boleto Bancário
214;04/02/2026 20:46;João Souza;Monitor Ultrawide 29;Informática;3;1150.0;Cambé;PR;Boleto Bancário
215;05/02/2026 00:35;André Rodrigues;Processador AMD Ryzen 7;Informática;4;1780.0;Maringá;PR;Cartão de Crédito
216;05/02/2026 04:04;Julia Santos;Fonte Real 750W;Informática;8;490.0;Londrina;PR;Pix
217;05/02/2026 04:14;Rafael Soares;Scanner de Mesa;Informática;5;650.0;Apucarana;PR;Pix
218;05/02/2026 07:50;Ana Souza;Monitor Ultrawide 29;Informática;11;1150.0;Londrina;PR;Boleto Bancário
219;05/02/2026 16:23;Lucas Santos;Processador AMD Ryzen 7;Informática;6;1780.0;Arapongas;PR;Boleto Bancário
220;05/02/2026 18:24;Thiago Souza;Mousepad Extended;Informática;8;69.9;Cambé;PR;Boleto Bancário
221;05/02/2026 20:06;Gustavo Lopes;Teclado de Membrana;Informática;3;79.9;Apucarana;PR;Boleto Bancário
222;05/02/2026 22:21;André Lima;Impressora Tanque Tinta;Informática;5;1100.0;Londrina;PR;Pix
223;05/02/2026 22:30;Enzo Soares;Placa de Vídeo RX 7600;Informática;10;1650.0;Maringá;PR;Cartão de Crédito
224;05/02/2026 22:46;André Souza;Notebook Pro;Informática;11;6200.0;Maringá;PR;Pix
225;06/02/2026 02:03;Vitor Souza;Notebook Pro;Informática;9;6200.0;Londrina;PR;Boleto Bancário
226;06/02/2026 06:38;Rafael Almeida;Processador Intel i7;Informática;3;1950.0;Ibiporã;PR;Cartão de Crédito
227;06/02/2026 07:29;Diego Lima;Switch Gigabit 8 Portas;Informática;4;135.0;Apucarana;PR;Boleto Bancário
228;06/02/2026 11:19;Ana Lima;Mouse Sem Fio;Informática;12;89.9;Ibiporã;PR;Pix
229;06/02/2026 11:19;Arthur Pereira;Microfone Condensador;Informática;6;340.0;Arapongas;PR;Pix
230;06/02/2026 13:55;Diego Souza;HD Externo 2TB;Informática;5;449.0;Ibiporã;PR;Boleto Bancário
231;06/02/2026 14:58;Ana Souza;Notebook Home;Informática;10;2499.0;Londrina;PR;Cartão de Crédito
232;06/02/2026 18:42;Enzo Costa;Monitor Ultrawide 29;Informática;6;1150.0;Cambé;PR;Boleto Bancário
233;06/02/2026 21:33;Mateus Fernandes;Switch Gigabit 8 Portas;Informática;5;135.0;Apucarana;PR;Boleto Bancário
234;06/02/2026 22:52;Gustavo Costa;Memória RAM 8GB DDR4;Informática;2;180.0;Apucarana;PR;Pix
235;07/02/2026 02:08;Bruna Fernandes;Notebook Gamer;Informática;5;5499.0;Apucarana;PR;Boleto Bancário
236;07/02/2026 02:10;João Santos;Scanner de Mesa;Informática;5;650.0;Maringá;PR;Cartão de Crédito
237;07/02/2026 07:06;André Costa;Monitor 4K 32;Informática;4;2400.0;Londrina;PR;Boleto Bancário
238;07/02/2026 07:33;Enzo Costa;Caixa de Som PC;Informática;6;120.0;Ibiporã;PR;Cartão de Crédito
239;07/02/2026 08:12;Felipe Rodrigues;Nobreak 1500VA;Informática;11;799.0;Arapongas;PR;Pix
240;07/02/2026 09:02;Felipe Lopes;Gabinete Gamer ATX;Informática;7;320.0;Arapongas;PR;Boleto Bancário
241;07/02/2026 19:00;Yasmin Fernandes;Placa de Vídeo RTX 4060;Informática;12;2100.0;Cambé;PR;Cartão de Crédito
242;08/02/2026 00:13;Gustavo Pereira;Teclado Mecânico;Informática;12;249.9;Maringá;PR;Boleto Bancário
243;08/02/2026 08:52;Beatriz Costa;Roteador Wi-Fi 6;Informática;8;320.0;Ibiporã;PR;Pix
244;08/02/2026 10:05;Lucas Pereira;Monitor Ultrawide 29;Informática;3;1150.0;Ibiporã;PR;Boleto Bancário
245;08/02/2026 13:44;Enzo Santos;SSD 2TB NVMe;Informática;2;820.0;Arapongas;PR;Cartão de Crédito
246;08/02/2026 14:04;Gabriel Ferreira;Filtro Linha 6 Tomadas;Informática;12;49.9;Cambé;PR;Cartão de Crédito
247;08/02/2026 15:02;Amanda Rodrigues;Mini PC Intel;Informática;11;1250.0;Londrina;PR;Cartão de Crédito
248;08/02/2026 19:57;André Souza;Teclado de Membrana;Informática;12;79.9;Apucarana;PR;Pix
249;09/02/2026 02:30;Bruna Vieira;Teclado Mecânico;Informática;5;249.9;Cambé;PR;Pix
250;09/02/2026 05:42;Gabriel Fernandes;Monitor 21.5 IPS;Informática;8;599.0;Londrina;PR;Boleto Bancário
251;09/02/2026 07:08;Bruna Silva;Cabo de Rede CAT6 5m;Informática;10;25.0;Londrina;PR;Pix
252;09/02/2026 12:45;Thiago Soares;HD Externo 1TB;Informática;2;299.0;Ibiporã;PR;Pix
253;09/02/2026 13:41;Lucas Pereira;Monitor 4K 32;Informática;7;2400.0;Londrina;PR;Cartão de Crédito
254;09/02/2026 15:59;Vitor Lima;Memória RAM 32GB DDR5;Informática;6;750.0;Arapongas;PR;Boleto Bancário
255;09/02/2026 22:27;Thiago Rodrigues;Monitor 21.5 IPS;Informática;6;599.0;Ibiporã;PR;Cartão de Crédito
256;09/02/2026 23:24;Thiago Vieira;Cadeira Gamer;Informática;8;990.0;Apucarana;PR;Boleto Bancário
257;10/02/2026 00:09;Amanda Santos;SSD 2TB NVMe;Informática;11;820.0;Londrina;PR;Cartão de Crédito
258;10/02/2026 00:26;Leonardo Almeida;Mousepad Extended;Informática;4;69.9;Maringá;PR;Boleto Bancário
259;10/02/2026 02:28;Bruno Lima;Suporte Articulado;Informática;8;150.0;Londrina;PR;Cartão de Crédito
260;10/02/2026 10:35;Felipe Lima;Notebook Home;Informática;11;2499.0;Arapongas;PR;Pix
261;10/02/2026 11:19;Mateus Oliveira;Microfone Condensador;Informática;7;340.0;Londrina;PR;Cartão de Crédito
262;10/02/2026 13:41;Vitor Lima;Roteador Wi-Fi 6;Informática;12;320.0;Apucarana;PR;Cartão de Crédito
263;10/02/2026 14:26;Rodrigo Soares;Mouse Gamer RGB;Informática;9;149.9;Maringá;PR;Cartão de Crédito
264;10/02/2026 15:32;Larissa Lima;Mini PC Intel;Informática;11;1250.0;Ibiporã;PR;Cartão de Crédito
265;10/02/2026 19:03;Enzo Oliveira;Fonte Real 650W;Informática;6;380.0;Apucarana;PR;Cartão de Crédito
266;10/02/2026 22:45;Gabriel Almeida;Memória RAM 8GB DDR4;Informática;9;180.0;Cambé;PR;Pix
267;10/02/2026 23:55;Amanda Ribeiro;SSD 1TB NVMe;Informática;1;450.0;Apucarana;PR;Pix
268;11/02/2026 10:26;Mateus Alves;Monitor 21.5 IPS;Informática;9;599.0;Cambé;PR;Boleto Bancário
269;11/02/2026 18:15;Felipe Lima;Teclado Mecânico;Informática;11;249.9;Maringá;PR;Pix
270;12/02/2026 09:38;João Pereira;Monitor Gamer 27 165Hz;Informática;4;1350.0;Maringá;PR;Pix
271;12/02/2026 23:15;Vinícius Silva;Processador AMD Ryzen 7;Informática;4;1780.0;Ibiporã;PR;Cartão de Crédito
272;12/02/2026 23:28;Beatriz Rodrigues;HD Externo 2TB;Informática;1;449.0;Cambé;PR;Boleto Bancário
273;13/02/2026 02:32;João Ribeiro;SSD 1TB NVMe;Informática;6;450.0;Ibiporã;PR;Boleto Bancário
274;13/02/2026 04:17;Arthur Pereira;Placa de Vídeo RTX 4060;Informática;11;2100.0;Apucarana;PR;Boleto Bancário
275;13/02/2026 18:37;Mateus Pereira;Notebook Home;Informática;10;2499.0;Londrina;PR;Boleto Bancário
276;13/02/2026 19:29;Larissa Oliveira;Memória RAM 8GB DDR4;Informática;1;180.0;Londrina;PR;Boleto Bancário
277;13/02/2026 21:05;Julia Carvalho;Memória RAM 16GB DDR4;Informática;8;320.0;Arapongas;PR;Cartão de Crédito
278;13/02/2026 21:24;Pedro Ribeiro;Repetidor Wi-Fi;Informática;8;89.0;Ibiporã;PR;Cartão de Crédito
279;14/02/2026 03:42;Enzo Oliveira;HD Externo 2TB;Informática;11;449.0;Ibiporã;PR;Cartão de Crédito
280;14/02/2026 11:32;Felipe Lopes;Mouse Sem Fio;Informática;11;89.9;Londrina;PR;Boleto Bancário
281;14/02/2026 14:58;Larissa Soares;Monitor 4K 32;Informática;10;2400.0;Cambé;PR;Boleto Bancário
282;14/02/2026 15:33;Felipe Lopes;Memória RAM 32GB DDR5;Informática;2;750.0;Cambé;PR;Boleto Bancário
283;14/02/2026 17:04;Gabriel Fernandes;Notebook Home;Informática;5;2499.0;Londrina;PR;Cartão de Crédito
284;14/02/2026 17:10;Rafael Soares;Monitor Gamer 27 165Hz;Informática;10;1350.0;Maringá;PR;Pix
285;14/02/2026 19:09;Vitor Lima;Monitor 4K 32;Informática;6;2400.0;Ibiporã;PR;Pix
286;14/02/2026 19:36;Enzo Soares;Cooler Fan 120mm;Informática;1;45.0;Cambé;PR;Pix
287;14/02/2026 20:43;Amanda Souza;HD Externo 2TB;Informática;8;449.0;Apucarana;PR;Cartão de Crédito
288;14/02/2026 21:29;Mateus Costa;Processador Intel i7;Informática;11;1950.0;Londrina;PR;Cartão de Crédito
289;14/02/2026 22:28;Bruna Pereira;Adaptador Bluetooth USB;Informática;8;39.9;Maringá;PR;Cartão de Crédito
290;15/02/2026 01:53;Pedro Oliveira;Cadeira Gamer;Informática;2;990.0;Ibiporã;PR;Boleto Bancário
291;15/02/2026 12:20;Mateus Soares;Memória RAM 8GB DDR4;Informática;11;180.0;Maringá;PR;Pix
292;16/02/2026 04:27;Amanda Pereira;Cooler Fan 120mm;Informática;8;45.0;Londrina;PR;Cartão de Crédito
293;16/02/2026 05:11;Arthur Alves;SSD 2TB NVMe;Informática;5;820.0;Apucarana;PR;Boleto Bancário
294;16/02/2026 06:21;Mateus Vieira;Mouse Gamer RGB;Informática;12;149.9;Londrina;PR;Cartão de Crédito
295;16/02/2026 17:18;Gabriel Martins;Suporte Articulado;Informática;1;150.0;Maringá;PR;Boleto Bancário
296;16/02/2026 22:49;Gabriel Vieira;Notebook Pro;Informática;6;6200.0;Apucarana;PR;Pix
297;17/02/2026 00:47;Felipe Silva;Notebook Home;Informática;12;2499.0;Londrina;PR;Pix
298;17/02/2026 10:53;Amanda Gomes;Teclado Mecânico;Informática;2;249.9;Arapongas;PR;Pix
299;17/02/2026 20:42;Larissa Soares;Monitor 21.5 IPS;Informática;7;599.0;Ibiporã;PR;Pix
300;18/02/2026 01:17;João Santos;Webcam Full HD;Informática;3;210.0;Londrina;PR;Cartão de Crédito
301;18/02/2026 08:02;Gustavo Pereira;Impressora Tanque Tinta;Informática;1;1100.0;Maringá;PR;Cartão de Crédito
302;18/02/2026 10:38;Enzo Almeida;Webcam Full HD;Informática;8;210.0;Cambé;PR;Boleto Bancário
303;18/02/2026 19:16;Amanda Gomes;Mousepad Extended;Informática;10;69.9;Arapongas;PR;Pix
304;18/02/2026 23:07;Rafael Silva;Notebook Home;Informática;11;2499.0;Ibiporã;PR;Cartão de Crédito
305;19/02/2026 05:39;João Alves;Monitor Gamer 24 144Hz;Informática;2;980.0;Arapongas;PR;Pix
306;19/02/2026 06:47;Amanda Ribeiro;Placa de Vídeo RTX 4060;Informática;5;2100.0;Ibiporã;PR;Pix
307;19/02/2026 07:17;Rafael Souza;Processador Intel i7;Informática;11;1950.0;Cambé;PR;Boleto Bancário
308;19/02/2026 10:07;Gustavo Pereira;Adaptador Bluetooth USB;Informática;10;39.9;Maringá;PR;Boleto Bancário
309;19/02/2026 11:22;Maria Souza;Teclado Mecânico;Informática;9;249.9;Ibiporã;PR;Boleto Bancário
310;19/02/2026 11:35;Rodrigo Fernandes;Notebook Home;Informática;7;2499.0;Ibiporã;PR;Boleto Bancário
311;19/02/2026 13:42;Gustavo Costa;Fonte Real 750W;Informática;6;490.0;Ibiporã;PR;Boleto Bancário
312;19/02/2026 22:44;Gabriel Almeida;Notebook Pro;Informática;3;6200.0;Cambé;PR;Boleto Bancário
313;20/02/2026 02:37;Diego Lima;Placa de Vídeo RX 7600;Informática;11;1650.0;Maringá;PR;Boleto Bancário
314;20/02/2026 10:14;Lucas Costa;Monitor Gamer 24 144Hz;Informática;3;980.0;Londrina;PR;Pix
315;20/02/2026 11:27;Lucas Santos;Mouse Gamer RGB;Informática;6;149.9;Apucarana;PR;Cartão de Crédito
316;20/02/2026 13:07;André Souza;Monitor Ultrawide 29;Informática;9;1150.0;Ibiporã;PR;Pix
317;20/02/2026 14:06;Letícia Carvalho;Caixa de Som PC;Informática;2;120.0;Arapongas;PR;Pix
318;20/02/2026 14:37;Guilherme Santos;Adaptador Bluetooth USB;Informática;2;39.9;Arapongas;PR;Pix
319;20/02/2026 20:35;Gabriel Fernandes;Mouse Gamer RGB;Informática;8;149.9;Ibiporã;PR;Boleto Bancário
320;21/02/2026 00:39;Julia Gomes;Processador AMD Ryzen 7;Informática;7;1780.0;Arapongas;PR;Cartão de Crédito
321;21/02/2026 01:20;Larissa Pereira;Repetidor Wi-Fi;Informática;1;89.0;Londrina;PR;Boleto Bancário
322;21/02/2026 01:50;Beatriz Costa;Notebook Home;Informática;5;2499.0;Cambé;PR;Boleto Bancário
323;21/02/2026 09:20;Larissa Oliveira;HD Externo 2TB;Informática;11;449.0;Arapongas;PR;Pix
324;21/02/2026 15:20;Vitor Ferreira;Headset Gamer;Informática;4;199.9;Arapongas;PR;Pix
325;21/02/2026 19:08;Daniel Ribeiro;Repetidor Wi-Fi;Informática;10;89.0;Cambé;PR;Pix
326;22/02/2026 02:53;Mateus Carvalho;Scanner de Mesa;Informática;6;650.0;Ibiporã;PR;Pix
327;22/02/2026 12:58;Rodrigo Fernandes;Memória RAM 16GB DDR4;Informática;11;320.0;Maringá;PR;Cartão de Crédito
328;22/02/2026 13:24;Bruna Oliveira;Teclado Mecânico;Informática;11;249.9;Apucarana;PR;Boleto Bancário
329;22/02/2026 13:32;Bruna Vieira;Monitor 4K 32;Informática;12;2400.0;Londrina;PR;Cartão de Crédito
330;22/02/2026 16:30;Lucas Costa;SSD 1TB NVMe;Informática;3;450.0;Ibiporã;PR;Boleto Bancário
331;23/02/2026 13:50;Vitor Souza;Nobreak 1500VA;Informática;2;799.0;Apucarana;PR;Boleto Bancário
332;23/02/2026 18:13;Letícia Pereira;HD Externo 1TB;Informática;2;299.0;Arapongas;PR;Cartão de Crédito
333;24/02/2026 02:26;Letícia Pereira;Monitor 21.5 IPS;Informática;12;599.0;Apucarana;PR;Cartão de Crédito
334;24/02/2026 04:48;Julia Carvalho;Suporte Articulado;Informática;1;150.0;Ibiporã;PR;Boleto Bancário
335;24/02/2026 06:17;João Ribeiro;Cabo de Rede CAT6 5m;Informática;8;25.0;Arapongas;PR;Boleto Bancário
336;24/02/2026 06:52;Rodrigo Alves;Cabo de Rede CAT6 5m;Informática;3;25.0;Arapongas;PR;Cartão de Crédito
337;24/02/2026 08:42;Letícia Costa;Monitor 4K 32;Informática;1;2400.0;Cambé;PR;Pix
338;24/02/2026 14:20;Gustavo Costa;Cabo de Rede CAT6 5m;Informática;9;25.0;Maringá;PR;Boleto Bancário
339;24/02/2026 19:18;André Rodrigues;Cabo de Rede CAT6 5m;Informática;12;25.0;Maringá;PR;Cartão de Crédito
340;24/02/2026 20:40;Mateus Carvalho;Headset Bluetooth;Informática;10;280.0;Cambé;PR;Pix
341;25/02/2026 04:35;Gabriel Almeida;Monitor Ultrawide 29;Informática;7;1150.0;Cambé;PR;Boleto Bancário
342;25/02/2026 07:43;João Ferreira;Suporte Articulado;Informática;5;150.0;Arapongas;PR;Pix
343;25/02/2026 13:28;Aline Ferreira;Cooler Fan 120mm;Informática;3;45.0;Maringá;PR;Pix
344;25/02/2026 14:44;Daniel Barbosa;Switch Gigabit 8 Portas;Informática;12;135.0;Cambé;PR;Pix
345;25/02/2026 15:13;Larissa Pereira;Impressora Tanque Tinta;Informática;6;1100.0;Ibiporã;PR;Boleto Bancário
346;25/02/2026 16:07;João Vieira;Repetidor Wi-Fi;Informática;4;89.0;Maringá;PR;Cartão de Crédito
347;26/02/2026 07:08;Ana Lima;Notebook Home;Informática;5;2499.0;Ibiporã;PR;Pix
348;26/02/2026 09:02;Enzo Vieira;Mini PC Intel;Informática;12;1250.0;Ibiporã;PR;Cartão de Crédito
349;26/02/2026 12:44;Lucas Vieira;Monitor Ultrawide 29;Informática;12;1150.0;Ibiporã;PR;Pix
350;26/02/2026 13:19;Aline Costa;Scanner de Mesa;Informática;6;650.0;Cambé;PR;Pix
351;26/02/2026 14:23;Aline Santos;Cabo de Rede CAT6 5m;Informática;11;25.0;Ibiporã;PR;Pix
352;26/02/2026 14:56;Daniel Alves;Mini PC Intel;Informática;9;1250.0;Apucarana;PR;Pix
353;26/02/2026 15:14;Amanda Costa;Processador Intel i7;Informática;2;1950.0;Londrina;PR;Pix
354;26/02/2026 19:02;Vitor Ferreira;SSD 500GB NVMe;Informática;11;260.0;Londrina;PR;Cartão de Crédito
355;26/02/2026 23:09;Rafael Ferreira;Water Cooler 240mm;Informática;3;410.0;Apucarana;PR;Boleto Bancário
356;27/02/2026 03:12;Guilherme Carvalho;Gabinete Gamer ATX;Informática;1;320.0;Ibiporã;PR;Pix
357;27/02/2026 06:09;Rafael Ferreira;HD Externo 2TB;Informática;9;449.0;Londrina;PR;Pix
358;27/02/2026 09:54;Julia Gomes;Mousepad Extended;Informática;10;69.9;Ibiporã;PR;Boleto Bancário
359;27/02/2026 16:24;André Souza;Repetidor Wi-Fi;Informática;12;89.0;Ibiporã;PR;Boleto Bancário
360;27/02/2026 20:04;Letícia Carvalho;Headset Bluetooth;Informática;9;280.0;Ibiporã;PR;Pix
361;27/02/2026 21:46;Gustavo Martins;Impressora Tanque Tinta;Informática;1;1100.0;Arapongas;PR;Pix
362;28/02/2026 11:11;Vinícius Lopes;Webcam Full HD;Informática;6;210.0;Cambé;PR;Cartão de Crédito
363;28/02/2026 11:35;Daniel Souza;Processador Intel i7;Informática;5;1950.0;Maringá;PR;Boleto Bancário
364;28/02/2026 13:21;Arthur Lopes;Cadeira Gamer;Informática;4;990.0;Ibiporã;PR;Boleto Bancário
365;28/02/2026 16:35;Yasmin Costa;Scanner de Mesa;Informática;6;650.0;Cambé;PR;Boleto Bancário
366;28/02/2026 19:51;Amanda Carvalho;Filtro Linha 6 Tomadas;Informática;4;49.9;Ibiporã;PR;Cartão de Crédito
367;28/02/2026 21:53;Guilherme Santos;Cooler Fan 120mm;Informática;3;45.0;Ibiporã;PR;Cartão de Crédito
368;28/02/2026 23:03;André Rodrigues;SSD 2TB NVMe;Informática;12;820.0;Cambé;PR;Cartão de Crédito
369;01/03/2026 01:06;Arthur Alves;Headset Bluetooth;Informática;7;280.0;Apucarana;PR;Boleto Bancário
370;01/03/2026 02:45;Enzo Vieira;Gabinete Gamer ATX;Informática;3;320.0;Cambé;PR;Pix
371;01/03/2026 08:50;Beatriz Lima;Processador Intel i7;Informática;8;1950.0;Ibiporã;PR;Cartão de Crédito
372;01/03/2026 09:45;Diego Soares;Placa de Vídeo RTX 4060;Informática;6;2100.0;Cambé;PR;Cartão de Crédito
373;01/03/2026 10:49;Vitor Barbosa;Cadeira Gamer;Informática;10;990.0;Ibiporã;PR;Pix
374;01/03/2026 13:02;Aline Santos;Monitor Gamer 27 165Hz;Informática;9;1350.0;Apucarana;PR;Cartão de Crédito
375;01/03/2026 15:01;Guilherme Almeida;Scanner de Mesa;Informática;9;650.0;Maringá;PR;Cartão de Crédito
376;01/03/2026 17:13;Aline Souza;Monitor 4K 32;Informática;9;2400.0;Maringá;PR;Pix
377;01/03/2026 17:47;Gabriel Oliveira;Roteador Wi-Fi 6;Informática;7;320.0;Londrina;PR;Pix
378;02/03/2026 08:21;Yasmin Vieira;Fonte Real 650W;Informática;11;380.0;Apucarana;PR;Pix
379;02/03/2026 12:36;Enzo Santos;Headset Gamer;Informática;4;199.9;Cambé;PR;Boleto Bancário
380;02/03/2026 14:39;Ana Alves;Monitor Gamer 24 144Hz;Informática;11;980.0;Londrina;PR;Cartão de Crédito
381;02/03/2026 17:08;Gustavo Lopes;Tablet Android 10;Informática;8;899.0;Maringá;PR;Boleto Bancário
382;02/03/2026 21:19;Aline Gomes;Notebook Home;Informática;4;2499.0;Londrina;PR;Boleto Bancário
383;03/03/2026 06:39;Vitor Oliveira;Mouse Gamer RGB;Informática;2;149.9;Arapongas;PR;Pix
384;03/03/2026 07:03;Gustavo Pereira;Roteador Wi-Fi 6;Informática;5;320.0;Londrina;PR;Boleto Bancário
385;03/03/2026 08:28;Bruna Vieira;Cadeira Gamer;Informática;9;990.0;Cambé;PR;Pix
386;03/03/2026 09:51;Gabriel Martins;Monitor Gamer 27 165Hz;Informática;5;1350.0;Ibiporã;PR;Cartão de Crédito
387;03/03/2026 15:58;João Lima;Mouse Gamer RGB;Informática;2;149.9;Londrina;PR;Cartão de Crédito
388;03/03/2026 17:20;Gabriel Oliveira;Cadeira Gamer;Informática;9;990.0;Londrina;PR;Boleto Bancário
389;03/03/2026 18:24;Yasmin Almeida;Placa-Mãe ASUS Prime;Informática;11;780.0;Ibiporã;PR;Cartão de Crédito
390;03/03/2026 22:09;Pedro Carvalho;Mini PC Intel;Informática;2;1250.0;Maringá;PR;Boleto Bancário
391;03/03/2026 22:10;Felipe Santos;Impressora Tanque Tinta;Informática;7;1100.0;Ibiporã;PR;Cartão de Crédito
392;03/03/2026 22:30;Vinícius Lopes;Filtro Linha 6 Tomadas;Informática;3;49.9;Londrina;PR;Pix
393;03/03/2026 23:26;Beatriz Lima;Scanner de Mesa;Informática;1;650.0;Londrina;PR;Cartão de Crédito
394;04/03/2026 01:36;Thiago Souza;Placa de Vídeo RX 7600;Informática;5;1650.0;Cambé;PR;Cartão de Crédito
395;04/03/2026 02:17;Vinícius Silva;Adaptador Bluetooth USB;Informática;5;39.9;Arapongas;PR;Pix
396;04/03/2026 03:44;João Vieira;Mousepad Extended;Informática;7;69.9;Arapongas;PR;Pix
397;04/03/2026 04:41;Beatriz Ferreira;Processador AMD Ryzen 7;Informática;11;1780.0;Londrina;PR;Boleto Bancário
398;04/03/2026 09:42;João Carvalho;Processador Intel i7;Informática;12;1950.0;Cambé;PR;Cartão de Crédito
399;04/03/2026 10:24;Daniel Souza;Suporte Articulado;Informática;10;150.0;Londrina;PR;Boleto Bancário
400;04/03/2026 15:35;João Pereira;Placa-Mãe ASUS Prime;Informática;9;780.0;Londrina;PR;Pix
401;04/03/2026 18:33;Enzo Alves;Mini PC Intel;Informática;10;1250.0;Londrina;PR;Pix
402;04/03/2026 22:14;Arthur Soares;Suporte Articulado;Informática;7;150.0;Arapongas;PR;Boleto Bancário
403;05/03/2026 00:16;Rafael Almeida;Processador AMD Ryzen 7;Informática;3;1780.0;Cambé;PR;Cartão de Crédito
404;05/03/2026 03:29;Daniel Alves;Memória RAM 32GB DDR5;Informática;7;750.0;Cambé;PR;Pix
405;05/03/2026 05:52;Thiago Rodrigues;Notebook Gamer;Informática;5;5499.0;Ibiporã;PR;Boleto Bancário
406;05/03/2026 20:17;Bruna Vieira;Notebook Pro;Informática;1;6200.0;Cambé;PR;Boleto Bancário
407;05/03/2026 21:42;João Ribeiro;SSD 500GB NVMe;Informática;1;260.0;Londrina;PR;Boleto Bancário
408;05/03/2026 23:40;Ana Gomes;Switch Gigabit 8 Portas;Informática;9;135.0;Cambé;PR;Cartão de Crédito
409;06/03/2026 00:05;Yasmin Almeida;Mouse Sem Fio;Informática;12;89.9;Ibiporã;PR;Boleto Bancário
410;06/03/2026 01:41;Yasmin Vieira;Teclado de Membrana;Informática;7;79.9;Ibiporã;PR;Boleto Bancário
411;06/03/2026 07:07;Enzo Soares;SSD 500GB NVMe;Informática;3;260.0;Maringá;PR;Boleto Bancário
412;06/03/2026 10:07;Maria Lima;Gabinete Gamer ATX;Informática;2;320.0;Maringá;PR;Boleto Bancário
413;06/03/2026 15:07;Vitor Ferreira;Adaptador Bluetooth USB;Informática;9;39.9;Arapongas;PR;Boleto Bancário
414;07/03/2026 06:21;Lucas Martins;Repetidor Wi-Fi;Informática;5;89.0;Ibiporã;PR;Cartão de Crédito
415;07/03/2026 09:20;Julia Fernandes;Gabinete Gamer ATX;Informática;4;320.0;Ibiporã;PR;Boleto Bancário
416;07/03/2026 11:10;Beatriz Lima;Monitor Gamer 27 165Hz;Informática;6;1350.0;Maringá;PR;Boleto Bancário
417;07/03/2026 14:16;Letícia Carvalho;Notebook Pro;Informática;2;6200.0;Apucarana;PR;Boleto Bancário
418;07/03/2026 23:30;Maria Lima;Placa-Mãe ASUS Prime;Informática;6;780.0;Arapongas;PR;Pix
419;08/03/2026 10:17;Yasmin Lima;Teclado Mecânico;Informática;11;249.9;Apucarana;PR;Boleto Bancário
420;08/03/2026 12:20;Diego Soares;Cabo de Rede CAT6 5m;Informática;10;25.0;Cambé;PR;Pix
421;08/03/2026 22:28;Mateus Vieira;Mouse Gamer RGB;Informática;3;149.9;Londrina;PR;Pix
422;09/03/2026 01:06;Vitor Lopes;Fonte Real 750W;Informática;12;490.0;Ibiporã;PR;Boleto Bancário
423;09/03/2026 01:08;Leonardo Almeida;Microfone Condensador;Informática;6;340.0;Maringá;PR;Boleto Bancário
424;09/03/2026 10:39;Beatriz Lima;Nobreak 1500VA;Informática;8;799.0;Arapongas;PR;Pix
425;09/03/2026 17:07;Enzo Rodrigues;Teclado de Membrana;Informática;5;79.9;Arapongas;PR;Boleto Bancário
426;09/03/2026 18:24;André Rodrigues;Memória RAM 8GB DDR4;Informática;11;180.0;Cambé;PR;Cartão de Crédito
427;09/03/2026 19:30;Felipe Costa;Water Cooler 240mm;Informática;9;410.0;Maringá;PR;Pix
428;09/03/2026 20:13;Vitor Barbosa;Nobreak 1500VA;Informática;2;799.0;Ibiporã;PR;Cartão de Crédito
429;09/03/2026 20:50;Rodrigo Alves;Processador AMD Ryzen 7;Informática;11;1780.0;Londrina;PR;Boleto Bancário
430;10/03/2026 00:11;João Souza;Cabo de Rede CAT6 5m;Informática;10;25.0;Maringá;PR;Cartão de Crédito
431;10/03/2026 10:19;Gabriel Ferreira;Repetidor Wi-Fi;Informática;9;89.0;Cambé;PR;Pix
432;10/03/2026 10:54;Enzo Rodrigues;Notebook Pro;Informática;3;6200.0;Apucarana;PR;Pix
433;10/03/2026 17:52;Diego Santos;Fonte Real 650W;Informática;10;380.0;Ibiporã;PR;Pix
434;10/03/2026 18:02;Ana Lopes;Memória RAM 32GB DDR5;Informática;9;750.0;Cambé;PR;Cartão de Crédito
435;11/03/2026 03:08;Diego Carvalho;Caixa de Som PC;Informática;9;120.0;Londrina;PR;Boleto Bancário
436;11/03/2026 03:51;Yasmin Lima;Fonte Real 750W;Informática;11;490.0;Maringá;PR;Boleto Bancário
437;11/03/2026 04:06;Guilherme Santos;Memória RAM 32GB DDR5;Informática;3;750.0;Maringá;PR;Boleto Bancário
438;11/03/2026 05:16;Mateus Carvalho;Adaptador Bluetooth USB;Informática;3;39.9;Ibiporã;PR;Boleto Bancário
439;11/03/2026 06:51;João Pereira;Monitor Gamer 24 144Hz;Informática;1;980.0;Maringá;PR;Pix
440;11/03/2026 13:31;Amanda Ribeiro;Fonte Real 650W;Informática;5;380.0;Apucarana;PR;Cartão de Crédito
441;11/03/2026 13:53;Bruna Pereira;Placa de Vídeo RTX 4060;Informática;4;2100.0;Cambé;PR;Pix
442;11/03/2026 14:31;Pedro Gomes;Headset Bluetooth;Informática;8;280.0;Londrina;PR;Cartão de Crédito
443;11/03/2026 22:48;Gabriel Lima;Notebook Pro;Informática;2;6200.0;Ibiporã;PR;Boleto Bancário
444;12/03/2026 01:35;Leonardo Almeida;Notebook Gamer;Informática;12;5499.0;Apucarana;PR;Boleto Bancário
445;12/03/2026 04:08;Leonardo Pereira;Roteador Wi-Fi 6;Informática;3;320.0;Arapongas;PR;Boleto Bancário
446;12/03/2026 04:40;Diego Carvalho;Headset Bluetooth;Informática;10;280.0;Ibiporã;PR;Cartão de Crédito
447;12/03/2026 06:07;Pedro Ribeiro;Monitor 4K 32;Informática;7;2400.0;Maringá;PR;Boleto Bancário
448;12/03/2026 06:59;Bruna Oliveira;Caixa de Som PC;Informática;6;120.0;Arapongas;PR;Pix
449;12/03/2026 07:34;Larissa Lima;Switch Gigabit 8 Portas;Informática;9;135.0;Maringá;PR;Pix
450;12/03/2026 09:07;Vinícius Silva;SSD 1TB NVMe;Informática;2;450.0;Cambé;PR;Boleto Bancário
451;12/03/2026 17:00;Yasmin Vieira;Water Cooler 240mm;Informática;3;410.0;Maringá;PR;Cartão de Crédito
452;12/03/2026 19:40;Amanda Carvalho;Headset Gamer;Informática;12;199.9;Londrina;PR;Boleto Bancário
453;12/03/2026 20:50;Julia Carvalho;Fonte Real 650W;Informática;6;380.0;Ibiporã;PR;Cartão de Crédito
454;13/03/2026 07:07;Lucas Silva;Monitor Gamer 24 144Hz;Informática;8;980.0;Arapongas;PR;Cartão de Crédito
455;13/03/2026 12:23;Enzo Soares;Cabo de Rede CAT6 5m;Informática;11;25.0;Arapongas;PR;Cartão de Crédito
456;13/03/2026 17:36;Gabriel Martins;Fonte Real 750W;Informática;3;490.0;Cambé;PR;Boleto Bancário
457;13/03/2026 18:14;Rodrigo Ribeiro;SSD 1TB NVMe;Informática;11;450.0;Cambé;PR;Cartão de Crédito
458;14/03/2026 02:16;Guilherme Carvalho;Adaptador Bluetooth USB;Informática;1;39.9;Maringá;PR;Pix
459;14/03/2026 12:26;Maria Souza;SSD 2TB NVMe;Informática;7;820.0;Cambé;PR;Boleto Bancário
460;14/03/2026 12:29;Larissa Fernandes;Notebook Gamer;Informática;12;5499.0;Ibiporã;PR;Boleto Bancário
461;14/03/2026 12:32;Beatriz Alves;Cooler Fan 120mm;Informática;4;45.0;Arapongas;PR;Boleto Bancário
462;14/03/2026 15:38;Gustavo Costa;Monitor Gamer 24 144Hz;Informática;3;980.0;Maringá;PR;Pix
463;14/03/2026 16:42;Thiago Rodrigues;Switch Gigabit 8 Portas;Informática;10;135.0;Maringá;PR;Boleto Bancário
464;14/03/2026 21:43;Pedro Oliveira;Tablet Android 10;Informática;5;899.0;Maringá;PR;Boleto Bancário
465;14/03/2026 22:55;Enzo Ferreira;Mini PC Intel;Informática;8;1250.0;Cambé;PR;Boleto Bancário
466;14/03/2026 23:50;Vinícius Silva;Placa-Mãe ASUS Prime;Informática;7;780.0;Arapongas;PR;Cartão de Crédito
467;15/03/2026 02:24;Larissa Fernandes;Memória RAM 8GB DDR4;Informática;4;180.0;Cambé;PR;Boleto Bancário
468;15/03/2026 05:49;Felipe Lopes;Mini PC Intel;Informática;3;1250.0;Cambé;PR;Cartão de Crédito
469;15/03/2026 07:19;Rafael Almeida;SSD 2TB NVMe;Informática;10;820.0;Cambé;PR;Cartão de Crédito
470;15/03/2026 07:47;Thiago Soares;Roteador Wi-Fi 6;Informática;2;320.0;Londrina;PR;Pix
471;15/03/2026 11:55;Enzo Vieira;Tablet Android 10;Informática;10;899.0;Cambé;PR;Cartão de Crédito
472;15/03/2026 13:11;Amanda Vieira;Cadeira Gamer;Informática;11;990.0;Arapongas;PR;Boleto Bancário
473;15/03/2026 14:07;Mateus Santos;Webcam Full HD;Informática;1;210.0;Ibiporã;PR;Boleto Bancário
474;15/03/2026 14:56;Vinícius Silva;Microfone Condensador;Informática;8;340.0;Arapongas;PR;Pix
475;15/03/2026 19:19;Felipe Santos;Cabo de Rede CAT6 5m;Informática;12;25.0;Cambé;PR;Cartão de Crédito
476;15/03/2026 20:03;Rodrigo Ribeiro;Microfone Condensador;Informática;5;340.0;Arapongas;PR;Cartão de Crédito
477;15/03/2026 21:34;Letícia Souza;Placa-Mãe MSI Gaming;Informática;10;890.0;Cambé;PR;Pix
478;15/03/2026 22:05;Letícia Pereira;Gabinete Gamer ATX;Informática;1;320.0;Ibiporã;PR;Boleto Bancário
479;15/03/2026 22:13;Julia Oliveira;Processador Intel i7;Informática;9;1950.0;Londrina;PR;Boleto Bancário
480;16/03/2026 01:00;Arthur Pereira;Processador Intel i7;Informática;11;1950.0;Maringá;PR;Boleto Bancário
481;16/03/2026 07:52;Vitor Souza;Mouse Gamer RGB;Informática;6;149.9;Londrina;PR;Cartão de Crédito
482;16/03/2026 09:54;João Santos;Microfone Condensador;Informática;10;340.0;Apucarana;PR;Pix
483;16/03/2026 13:00;Pedro Carvalho;Roteador Wi-Fi 6;Informática;10;320.0;Apucarana;PR;Boleto Bancário
484;16/03/2026 13:24;Bruno Rodrigues;Water Cooler 240mm;Informática;7;410.0;Maringá;PR;Pix
485;16/03/2026 16:45;Gustavo Lima;Repetidor Wi-Fi;Informática;8;89.0;Maringá;PR;Pix
486;16/03/2026 22:08;Gustavo Lima;Repetidor Wi-Fi;Informática;8;89.0;Apucarana;PR;Pix
487;16/03/2026 23:44;Gustavo Lopes;Adaptador Bluetooth USB;Informática;12;39.9;Arapongas;PR;Boleto Bancário
488;17/03/2026 00:53;Mateus Carvalho;Memória RAM 32GB DDR5;Informática;2;750.0;Ibiporã;PR;Cartão de Crédito
489;17/03/2026 03:32;Daniel Barbosa;Mousepad Extended;Informática;3;69.9;Londrina;PR;Cartão de Crédito
490;17/03/2026 07:45;Leonardo Ferreira;Monitor Ultrawide 29;Informática;6;1150.0;Cambé;PR;Boleto Bancário
491;17/03/2026 11:39;Vinícius Lopes;Impressora Tanque Tinta;Informática;12;1100.0;Londrina;PR;Cartão de Crédito
492;17/03/2026 13:58;Felipe Oliveira;Headset Bluetooth;Informática;1;280.0;Londrina;PR;Cartão de Crédito
493;17/03/2026 14:32;Larissa Ribeiro;Monitor Gamer 24 144Hz;Informática;7;980.0;Londrina;PR;Cartão de Crédito
494;17/03/2026 17:08;Vitor Lopes;Gabinete Gamer ATX;Informática;6;320.0;Londrina;PR;Boleto Bancário
495;18/03/2026 00:02;Gustavo Pereira;Placa de Vídeo RTX 4060;Informática;7;2100.0;Arapongas;PR;Boleto Bancário
496;18/03/2026 01:51;Amanda Costa;Notebook Pro;Informática;5;6200.0;Ibiporã;PR;Boleto Bancário
497;18/03/2026 07:19;Enzo Rodrigues;Placa de Vídeo RX 7600;Informática;3;1650.0;Ibiporã;PR;Pix
498;18/03/2026 12:11;Diego Lima;Mousepad Extended;Informática;4;69.9;Ibiporã;PR;Boleto Bancário
499;18/03/2026 12:54;Maria Lima;Cooler Fan 120mm;Informática;1;45.0;Cambé;PR;Boleto Bancário
500;18/03/2026 15:50;Rodrigo Carvalho;Monitor 4K 32;Informática;4;2400.0;Cambé;PR;Cartão de Crédito
501;18/03/2026 15:52;André Almeida;Mini PC Intel;Informática;6;1250.0;Maringá;PR;Boleto Bancário
502;18/03/2026 16:19;Bruno Lima;Processador Intel i7;Informática;2;1950.0;Apucarana;PR;Pix
503;18/03/2026 18:21;Bruna Pereira;Teclado de Membrana;Informática;7;79.9;Arapongas;PR;Boleto Bancário
504;18/03/2026 18:37;Maria Souza;HD Externo 1TB;Informática;1;299.0;Ibiporã;PR;Boleto Bancário
505;18/03/2026 18:38;André Lima;Placa-Mãe ASUS Prime;Informática;9;780.0;Apucarana;PR;Boleto Bancário
506;18/03/2026 19:37;Yasmin Fernandes;Repetidor Wi-Fi;Informática;6;89.0;Apucarana;PR;Pix
507;18/03/2026 21:52;Mateus Fernandes;Fonte Real 650W;Informática;4;380.0;Arapongas;PR;Pix
508;19/03/2026 00:45;Larissa Lima;Adaptador Bluetooth USB;Informática;5;39.9;Maringá;PR;Pix
509;19/03/2026 02:15;Leonardo Vieira;Monitor Ultrawide 29;Informática;9;1150.0;Londrina;PR;Boleto Bancário
510;19/03/2026 05:10;Enzo Ferreira;Cooler Fan 120mm;Informática;2;45.0;Cambé;PR;Pix
511;19/03/2026 07:16;Julia Oliveira;Roteador Wi-Fi 6;Informática;5;320.0;Ibiporã;PR;Pix
512;19/03/2026 08:31;Leonardo Alves;Headset Bluetooth;Informática;8;280.0;Maringá;PR;Pix
513;19/03/2026 08:37;Beatriz Gomes;Cadeira Gamer;Informática;11;990.0;Arapongas;PR;Boleto Bancário
514;19/03/2026 12:35;Gustavo Costa;Processador AMD Ryzen 7;Informática;2;1780.0;Apucarana;PR;Cartão de Crédito
515;19/03/2026 15:15;Felipe Oliveira;Headset Bluetooth;Informática;4;280.0;Ibiporã;PR;Boleto Bancário
516;19/03/2026 19:34;Amanda Santos;Fonte Real 650W;Informática;7;380.0;Apucarana;PR;Boleto Bancário
517;19/03/2026 21:38;Diego Lima;Roteador Wi-Fi 6;Informática;12;320.0;Apucarana;PR;Cartão de Crédito
518;20/03/2026 01:14;André Lima;Cooler Fan 120mm;Informática;7;45.0;Ibiporã;PR;Boleto Bancário
519;20/03/2026 03:11;Maria Fernandes;Teclado Mecânico;Informática;9;249.9;Maringá;PR;Pix
520;20/03/2026 08:23;Bruna Oliveira;Mouse Gamer RGB;Informática;4;149.9;Cambé;PR;Pix
521;20/03/2026 14:38;Daniel Alves;SSD 2TB NVMe;Informática;11;820.0;Maringá;PR;Pix
522;20/03/2026 15:01;Vitor Lima;Filtro Linha 6 Tomadas;Informática;4;49.9;Ibiporã;PR;Cartão de Crédito
523;20/03/2026 23:01;João Lopes;Gabinete Gamer ATX;Informática;4;320.0;Maringá;PR;Cartão de Crédito
524;20/03/2026 23:55;João Pereira;Notebook Home;Informática;3;2499.0;Londrina;PR;Cartão de Crédito
525;21/03/2026 10:22;Amanda Vieira;Placa-Mãe MSI Gaming;Informática;11;890.0;Arapongas;PR;Boleto Bancário
526;21/03/2026 16:25;André Costa;Processador Intel i7;Informática;9;1950.0;Londrina;PR;Pix
527;21/03/2026 17:00;Aline Lopes;Headset Gamer;Informática;6;199.9;Arapongas;PR;Boleto Bancário
528;21/03/2026 18:43;Thiago Fernandes;Water Cooler 240mm;Informática;3;410.0;Cambé;PR;Pix
529;21/03/2026 22:07;Vitor Lopes;Caixa de Som PC;Informática;10;120.0;Maringá;PR;Cartão de Crédito
530;22/03/2026 00:13;Pedro Carvalho;Monitor 4K 32;Informática;8;2400.0;Cambé;PR;Cartão de Crédito
531;22/03/2026 03:15;Gustavo Lopes;Monitor Ultrawide 29;Informática;7;1150.0;Ibiporã;PR;Cartão de Crédito
532;22/03/2026 06:48;Gabriel Fernandes;Monitor 21.5 IPS;Informática;12;599.0;Cambé;PR;Pix
533;22/03/2026 13:02;Amanda Souza;Mouse Gamer RGB;Informática;1;149.9;Londrina;PR;Boleto Bancário
534;22/03/2026 13:38;Vitor Oliveira;HD Externo 2TB;Informática;10;449.0;Londrina;PR;Pix
535;22/03/2026 18:27;Letícia Santos;Headset Gamer;Informática;5;199.9;Maringá;PR;Boleto Bancário
536;22/03/2026 19:24;Letícia Carvalho;Gabinete Gamer ATX;Informática;5;320.0;Arapongas;PR;Boleto Bancário
537;22/03/2026 21:16;Diego Carvalho;Teclado Mecânico;Informática;3;249.9;Arapongas;PR;Pix
538;22/03/2026 22:20;Felipe Lopes;HD Externo 2TB;Informática;12;449.0;Apucarana;PR;Pix
539;23/03/2026 05:25;Mateus Barbosa;Caixa de Som PC;Informática;8;120.0;Maringá;PR;Boleto Bancário
540;23/03/2026 06:23;Julia Oliveira;Memória RAM 32GB DDR5;Informática;11;750.0;Maringá;PR;Cartão de Crédito
541;23/03/2026 11:06;Larissa Soares;Nobreak 1500VA;Informática;4;799.0;Cambé;PR;Pix
542;23/03/2026 14:39;Rafael Soares;Headset Bluetooth;Informática;3;280.0;Ibiporã;PR;Cartão de Crédito
543;23/03/2026 17:05;Diego Lima;Monitor Gamer 24 144Hz;Informática;3;980.0;Arapongas;PR;Pix
544;23/03/2026 18:38;João Vieira;Memória RAM 32GB DDR5;Informática;9;750.0;Cambé;PR;Boleto Bancário
545;23/03/2026 21:22;João Alves;Mouse Gamer RGB;Informática;5;149.9;Apucarana;PR;Boleto Bancário
546;23/03/2026 23:30;Mateus Pereira;Adaptador Bluetooth USB;Informática;7;39.9;Londrina;PR;Boleto Bancário
547;24/03/2026 00:11;Rodrigo Gomes;SSD 1TB NVMe;Informática;4;450.0;Apucarana;PR;Pix
548;24/03/2026 03:05;Rodrigo Fernandes;Notebook Gamer;Informática;8;5499.0;Ibiporã;PR;Pix
549;24/03/2026 06:44;Felipe Alves;Gabinete Gamer ATX;Informática;6;320.0;Cambé;PR;Boleto Bancário
550;24/03/2026 07:19;Gustavo Lopes;Gabinete Gamer ATX;Informática;1;320.0;Arapongas;PR;Cartão de Crédito
551;24/03/2026 14:28;Amanda Vieira;Teclado de Membrana;Informática;10;79.9;Maringá;PR;Boleto Bancário
552;24/03/2026 20:20;João Santos;Adaptador Bluetooth USB;Informática;11;39.9;Cambé;PR;Cartão de Crédito
553;24/03/2026 21:06;Letícia Souza;Cadeira Gamer;Informática;6;990.0;Apucarana;PR;Boleto Bancário
554;24/03/2026 22:14;João Alves;Monitor Ultrawide 29;Informática;12;1150.0;Arapongas;PR;Cartão de Crédito
555;25/03/2026 01:18;Yasmin Lima;Headset Bluetooth;Informática;5;280.0;Arapongas;PR;Boleto Bancário
556;25/03/2026 02:25;Beatriz Fernandes;SSD 500GB NVMe;Informática;11;260.0;Apucarana;PR;Pix
557;25/03/2026 06:29;Letícia Santos;Notebook Gamer;Informática;10;5499.0;Arapongas;PR;Cartão de Crédito
558;25/03/2026 12:00;Enzo Soares;Placa-Mãe MSI Gaming;Informática;6;890.0;Maringá;PR;Pix
559;25/03/2026 16:28;Larissa Oliveira;Mouse Gamer RGB;Informática;5;149.9;Ibiporã;PR;Pix
560;25/03/2026 18:38;Yasmin Costa;Switch Gigabit 8 Portas;Informática;7;135.0;Apucarana;PR;Pix
561;25/03/2026 18:46;Felipe Alves;Cadeira Gamer;Informática;12;990.0;Cambé;PR;Boleto Bancário
562;25/03/2026 19:14;Guilherme Martins;Mousepad Extended;Informática;3;69.9;Maringá;PR;Cartão de Crédito
563;25/03/2026 21:18;Mateus Alves;Memória RAM 32GB DDR5;Informática;4;750.0;Ibiporã;PR;Pix
564;25/03/2026 21:30;Daniel Barbosa;Filtro Linha 6 Tomadas;Informática;12;49.9;Londrina;PR;Cartão de Crédito
565;26/03/2026 03:55;Ana Souza;SSD 1TB NVMe;Informática;2;450.0;Londrina;PR;Cartão de Crédito
566;26/03/2026 04:42;Larissa Pereira;Monitor Gamer 24 144Hz;Informática;1;980.0;Londrina;PR;Pix
567;26/03/2026 18:54;André Costa;Monitor 4K 32;Informática;2;2400.0;Londrina;PR;Pix
568;26/03/2026 19:20;Diego Soares;Notebook Home;Informática;2;2499.0;Ibiporã;PR;Pix
569;26/03/2026 21:07;Vinícius Silva;Mouse Sem Fio;Informática;4;89.9;Ibiporã;PR;Pix
570;26/03/2026 21:54;Vitor Barbosa;Mousepad Extended;Informática;3;69.9;Maringá;PR;Boleto Bancário
571;27/03/2026 02:21;Rafael Silva;SSD 1TB NVMe;Informática;1;450.0;Ibiporã;PR;Pix
572;27/03/2026 02:52;Rafael Almeida;Mouse Gamer RGB;Informática;8;149.9;Cambé;PR;Pix
573;27/03/2026 04:02;Arthur Lopes;Repetidor Wi-Fi;Informática;3;89.0;Ibiporã;PR;Boleto Bancário
574;27/03/2026 04:08;Enzo Almeida;SSD 2TB NVMe;Informática;10;820.0;Arapongas;PR;Boleto Bancário
575;27/03/2026 07:08;Felipe Oliveira;Filtro Linha 6 Tomadas;Informática;10;49.9;Arapongas;PR;Boleto Bancário
576;27/03/2026 09:58;Beatriz Costa;Notebook Gamer;Informática;9;5499.0;Apucarana;PR;Pix
577;27/03/2026 13:52;Lucas Vieira;Monitor Gamer 24 144Hz;Informática;4;980.0;Londrina;PR;Pix
578;27/03/2026 17:48;Diego Carvalho;Mouse Sem Fio;Informática;7;89.9;Apucarana;PR;Cartão de Crédito
579;28/03/2026 03:29;Diego Lima;Mouse Sem Fio;Informática;1;89.9;Cambé;PR;Cartão de Crédito
580;28/03/2026 07:21;Rafael Oliveira;Teclado de Membrana;Informática;8;79.9;Cambé;PR;Cartão de Crédito
581;28/03/2026 08:48;Thiago Fernandes;Impressora Tanque Tinta;Informática;8;1100.0;Apucarana;PR;Cartão de Crédito
582;28/03/2026 09:36;Leonardo Santos;Cadeira Gamer;Informática;5;990.0;Cambé;PR;Cartão de Crédito
583;28/03/2026 12:17;Larissa Pereira;Processador Intel i7;Informática;6;1950.0;Maringá;PR;Pix
584;28/03/2026 17:23;Felipe Lima;Repetidor Wi-Fi;Informática;7;89.0;Maringá;PR;Cartão de Crédito
585;28/03/2026 18:02;Letícia Costa;Scanner de Mesa;Informática;11;650.0;Arapongas;PR;Pix
586;28/03/2026 19:08;Amanda Pereira;Fonte Real 650W;Informática;2;380.0;Arapongas;PR;Boleto Bancário
587;28/03/2026 21:38;Maria Souza;Fonte Real 750W;Informática;10;490.0;Ibiporã;PR;Boleto Bancário
588;29/03/2026 00:54;Letícia Souza;Water Cooler 240mm;Informática;11;410.0;Ibiporã;PR;Boleto Bancário
589;29/03/2026 05:03;Guilherme Martins;Water Cooler 240mm;Informática;4;410.0;Londrina;PR;Cartão de Crédito
590;29/03/2026 14:50;Felipe Vieira;Memória RAM 32GB DDR5;Informática;2;750.0;Ibiporã;PR;Pix
591;29/03/2026 19:09;Aline Ferreira;Notebook Home;Informática;5;2499.0;Ibiporã;PR;Boleto Bancário
592;29/03/2026 20:06;Letícia Pereira;Monitor Gamer 27 165Hz;Informática;6;1350.0;Londrina;PR;Cartão de Crédito
593;29/03/2026 22:05;Diego Ferreira;Placa de Vídeo RX 7600;Informática;1;1650.0;Maringá;PR;Cartão de Crédito
594;30/03/2026 01:06;Felipe Silva;Cooler Fan 120mm;Informática;3;45.0;Ibiporã;PR;Pix
595;30/03/2026 12:08;Diego Lima;Nobreak 1500VA;Informática;4;799.0;Londrina;PR;Cartão de Crédito
596;30/03/2026 13:07;Lucas Costa;Processador Intel i7;Informática;4;1950.0;Apucarana;PR;Pix
597;30/03/2026 14:41;Guilherme Ribeiro;Mouse Sem Fio;Informática;6;89.9;Arapongas;PR;Boleto Bancário
598;30/03/2026 16:57;Beatriz Lima;Placa de Vídeo RTX 4060;Informática;2;2100.0;Maringá;PR;Cartão de Crédito
599;30/03/2026 18:19;Enzo Rodrigues;Water Cooler 240mm;Informática;7;410.0;Londrina;PR;Boleto Bancário
600;30/03/2026 22:04;Amanda Gomes;Monitor Gamer 24 144Hz;Informática;4;980.0;Apucarana;PR;Pix
601;31/03/2026 00:26;João Ribeiro;Processador Intel i7;Informática;12;1950.0;Maringá;PR;Pix
602;31/03/2026 03:11;Arthur Lopes;Cadeira Gamer;Informática;4;990.0;Ibiporã;PR;Cartão de Crédito
603;31/03/2026 11:54;Beatriz Gomes;HD Externo 1TB;Informática;12;299.0;Londrina;PR;Boleto Bancário
604;31/03/2026 13:21;Yasmin Almeida;Tablet Android 10;Informática;8;899.0;Arapongas;PR;Boleto Bancário
605;31/03/2026 15:06;Gabriel Lima;Mouse Sem Fio;Informática;3;89.9;Ibiporã;PR;Boleto Bancário
606;31/03/2026 17:59;Daniel Souza;Placa de Vídeo RTX 4060;Informática;9;2100.0;Cambé;PR;Cartão de Crédito
607;01/04/2026 01:03;Gustavo Costa;Gabinete Gamer ATX;Informática;11;320.0;Apucarana;PR;Cartão de Crédito
608;01/04/2026 02:25;Vitor Ferreira;Headset Gamer;Informática;11;199.9;Maringá;PR;Cartão de Crédito
609;01/04/2026 03:36;Felipe Oliveira;Fonte Real 750W;Informática;7;490.0;Apucarana;PR;Cartão de Crédito
610;01/04/2026 05:08;Leonardo Almeida;SSD 1TB NVMe;Informática;10;450.0;Londrina;PR;Pix
611;01/04/2026 05:41;Diego Lima;Fonte Real 750W;Informática;1;490.0;Cambé;PR;Boleto Bancário
612;01/04/2026 07:36;Amanda Souza;Monitor Gamer 24 144Hz;Informática;10;980.0;Maringá;PR;Pix
613;01/04/2026 07:40;Bruna Martins;Cadeira Gamer;Informática;4;990.0;Maringá;PR;Pix
614;01/04/2026 08:50;Vinícius Lopes;Placa-Mãe MSI Gaming;Informática;10;890.0;Apucarana;PR;Boleto Bancário
615;01/04/2026 17:21;Rodrigo Gomes;Placa de Vídeo RX 7600;Informática;6;1650.0;Ibiporã;PR;Cartão de Crédito
616;01/04/2026 19:27;Gabriel Oliveira;Impressora Tanque Tinta;Informática;2;1100.0;Maringá;PR;Pix
617;01/04/2026 21:49;Guilherme Almeida;Fonte Real 650W;Informática;9;380.0;Ibiporã;PR;Pix
618;02/04/2026 00:31;Beatriz Rodrigues;Mousepad Extended;Informática;4;69.9;Londrina;PR;Boleto Bancário
619;02/04/2026 01:25;João Pereira;Headset Bluetooth;Informática;12;280.0;Maringá;PR;Pix
620;02/04/2026 07:37;João Alves;Placa de Vídeo RTX 4060;Informática;12;2100.0;Arapongas;PR;Boleto Bancário
621;02/04/2026 11:27;Lucas Vieira;Cooler Fan 120mm;Informática;12;45.0;Arapongas;PR;Cartão de Crédito
622;02/04/2026 18:18;Rafael Santos;Adaptador Bluetooth USB;Informática;9;39.9;Apucarana;PR;Pix
623;03/04/2026 02:27;Diego Souza;Nobreak 1500VA;Informática;5;799.0;Cambé;PR;Boleto Bancário
624;03/04/2026 03:43;Aline Souza;SSD 1TB NVMe;Informática;9;450.0;Maringá;PR;Pix
625;03/04/2026 16:37;Amanda Pereira;Cooler Fan 120mm;Informática;9;45.0;Apucarana;PR;Pix
626;03/04/2026 19:48;Enzo Rodrigues;Processador Intel i7;Informática;11;1950.0;Cambé;PR;Pix
627;03/04/2026 22:15;Rafael Santos;Nobreak 1500VA;Informática;1;799.0;Cambé;PR;Pix
628;03/04/2026 22:57;Aline Lopes;Cadeira Gamer;Informática;4;990.0;Apucarana;PR;Boleto Bancário
629;04/04/2026 11:24;Mateus Carvalho;Placa-Mãe ASUS Prime;Informática;9;780.0;Arapongas;PR;Cartão de Crédito
630;04/04/2026 11:58;Bruno Rodrigues;Monitor 4K 32;Informática;8;2400.0;Cambé;PR;Cartão de Crédito
631;04/04/2026 12:23;Letícia Souza;Notebook Home;Informática;6;2499.0;Arapongas;PR;Boleto Bancário
632;04/04/2026 16:32;Amanda Oliveira;Mouse Gamer RGB;Informática;2;149.9;Cambé;PR;Boleto Bancário
633;04/04/2026 17:52;Gabriel Martins;Placa-Mãe ASUS Prime;Informática;3;780.0;Maringá;PR;Cartão de Crédito
634;04/04/2026 23:08;Leonardo Vieira;HD Externo 1TB;Informática;8;299.0;Maringá;PR;Cartão de Crédito
635;05/04/2026 02:34;Aline Santos;Placa de Vídeo RTX 4060;Informática;11;2100.0;Arapongas;PR;Boleto Bancário
636;05/04/2026 03:48;Diego Alves;Monitor Gamer 27 165Hz;Informática;10;1350.0;Ibiporã;PR;Boleto Bancário
637;05/04/2026 06:28;Mateus Pereira;Gabinete Gamer ATX;Informática;6;320.0;Maringá;PR;Boleto Bancário
638;05/04/2026 09:04;Lucas Martins;Scanner de Mesa;Informática;1;650.0;Maringá;PR;Boleto Bancário
639;05/04/2026 13:56;Thiago Vieira;Monitor Gamer 27 165Hz;Informática;8;1350.0;Ibiporã;PR;Cartão de Crédito
640;05/04/2026 14:51;Gustavo Lima;Headset Gamer;Informática;12;199.9;Arapongas;PR;Pix
641;05/04/2026 15:35;Aline Barbosa;Scanner de Mesa;Informática;10;650.0;Apucarana;PR;Boleto Bancário
642;05/04/2026 16:17;Beatriz Rodrigues;Placa de Vídeo RTX 4060;Informática;2;2100.0;Apucarana;PR;Cartão de Crédito
643;05/04/2026 16:35;Maria Souza;HD Externo 2TB;Informática;2;449.0;Londrina;PR;Boleto Bancário
644;05/04/2026 17:57;Diego Ferreira;Fonte Real 650W;Informática;7;380.0;Maringá;PR;Cartão de Crédito
645;06/04/2026 03:43;Mateus Carvalho;Monitor 4K 32;Informática;4;2400.0;Cambé;PR;Boleto Bancário
646;06/04/2026 04:35;Gustavo Lima;SSD 2TB NVMe;Informática;12;820.0;Cambé;PR;Pix
647;06/04/2026 04:43;Leonardo Vieira;Filtro Linha 6 Tomadas;Informática;11;49.9;Cambé;PR;Pix
648;06/04/2026 07:24;Beatriz Gomes;Mini PC Intel;Informática;12;1250.0;Ibiporã;PR;Pix
649;06/04/2026 13:44;Beatriz Fernandes;Memória RAM 8GB DDR4;Informática;3;180.0;Cambé;PR;Pix
650;06/04/2026 22:09;Daniel Carvalho;Monitor Ultrawide 29;Informática;11;1150.0;Maringá;PR;Boleto Bancário
651;07/04/2026 02:28;Arthur Lopes;Switch Gigabit 8 Portas;Informática;6;135.0;Apucarana;PR;Boleto Bancário
652;07/04/2026 04:10;Bruna Vieira;Mouse Gamer RGB;Informática;7;149.9;Ibiporã;PR;Pix
653;07/04/2026 12:05;Gabriel Lima;Nobreak 1500VA;Informática;10;799.0;Maringá;PR;Boleto Bancário
654;07/04/2026 12:45;Yasmin Vieira;Roteador Wi-Fi 6;Informática;7;320.0;Cambé;PR;Boleto Bancário
655;07/04/2026 13:11;Felipe Alves;Gabinete Gamer ATX;Informática;8;320.0;Arapongas;PR;Pix
656;07/04/2026 20:50;Gustavo Pereira;Processador Intel i7;Informática;1;1950.0;Apucarana;PR;Boleto Bancário
657;07/04/2026 21:38;Maria Souza;Processador AMD Ryzen 7;Informática;3;1780.0;Apucarana;PR;Cartão de Crédito
658;08/04/2026 02:49;Vitor Lopes;Mouse Sem Fio;Informática;4;89.9;Apucarana;PR;Cartão de Crédito
659;08/04/2026 04:52;Amanda Souza;Cadeira Gamer;Informática;5;990.0;Cambé;PR;Boleto Bancário
660;08/04/2026 07:15;Aline Santos;Repetidor Wi-Fi;Informática;10;89.0;Maringá;PR;Cartão de Crédito
661;08/04/2026 10:01;Beatriz Gomes;Placa de Vídeo RTX 4060;Informática;6;2100.0;Maringá;PR;Cartão de Crédito
662;08/04/2026 10:28;Diego Carvalho;Gabinete Gamer ATX;Informática;10;320.0;Maringá;PR;Cartão de Crédito
663;08/04/2026 12:35;Lucas Pereira;Gabinete Gamer ATX;Informática;2;320.0;Cambé;PR;Pix
664;08/04/2026 12:42;Arthur Fernandes;Adaptador Bluetooth USB;Informática;12;39.9;Londrina;PR;Boleto Bancário
665;08/04/2026 14:55;Gustavo Costa;Mouse Gamer RGB;Informática;3;149.9;Arapongas;PR;Boleto Bancário
666;08/04/2026 16:20;Julia Oliveira;Impressora Tanque Tinta;Informática;2;1100.0;Cambé;PR;Boleto Bancário
667;08/04/2026 17:45;André Almeida;Mouse Sem Fio;Informática;12;89.9;Cambé;PR;Pix
668;08/04/2026 18:53;Thiago Ribeiro;Placa-Mãe MSI Gaming;Informática;1;890.0;Apucarana;PR;Pix
669;08/04/2026 19:33;Julia Carvalho;Microfone Condensador;Informática;2;340.0;Maringá;PR;Boleto Bancário
670;08/04/2026 19:43;Amanda Carvalho;Notebook Pro;Informática;1;6200.0;Ibiporã;PR;Boleto Bancário
671;08/04/2026 21:47;Vitor Ferreira;Headset Bluetooth;Informática;5;280.0;Cambé;PR;Cartão de Crédito
672;09/04/2026 06:58;Lucas Vieira;Mouse Gamer RGB;Informática;10;149.9;Maringá;PR;Pix
673;09/04/2026 07:28;Rodrigo Carvalho;Monitor Ultrawide 29;Informática;4;1150.0;Maringá;PR;Cartão de Crédito
674;09/04/2026 09:16;Beatriz Rodrigues;Mini PC Intel;Informática;7;1250.0;Arapongas;PR;Boleto Bancário
675;09/04/2026 10:11;Rodrigo Alves;Adaptador Bluetooth USB;Informática;2;39.9;Maringá;PR;Pix
676;09/04/2026 15:06;Ana Gomes;Cooler Fan 120mm;Informática;3;45.0;Maringá;PR;Pix
677;09/04/2026 15:25;Rafael Almeida;Placa-Mãe MSI Gaming;Informática;10;890.0;Ibiporã;PR;Cartão de Crédito
678;09/04/2026 17:32;Leonardo Ferreira;Repetidor Wi-Fi;Informática;5;89.0;Londrina;PR;Pix
679;09/04/2026 19:26;Felipe Lima;Monitor Ultrawide 29;Informática;12;1150.0;Maringá;PR;Cartão de Crédito
680;09/04/2026 22:09;Ana Alves;Monitor Gamer 24 144Hz;Informática;4;980.0;Arapongas;PR;Pix
681;10/04/2026 11:16;Aline Santos;Notebook Pro;Informática;4;6200.0;Cambé;PR;Boleto Bancário
682;10/04/2026 14:23;Diego Alves;Filtro Linha 6 Tomadas;Informática;4;49.9;Maringá;PR;Cartão de Crédito
683;10/04/2026 21:57;Enzo Rodrigues;Water Cooler 240mm;Informática;7;410.0;Apucarana;PR;Boleto Bancário
684;11/04/2026 04:38;Bruna Martins;Adaptador Bluetooth USB;Informática;2;39.9;Ibiporã;PR;Pix
685;11/04/2026 11:50;Diego Carvalho;Microfone Condensador;Informática;6;340.0;Maringá;PR;Pix
686;11/04/2026 14:49;Enzo Lima;Teclado de Membrana;Informática;11;79.9;Londrina;PR;Pix
687;11/04/2026 18:07;Thiago Silva;SSD 1TB NVMe;Informática;10;450.0;Arapongas;PR;Boleto Bancário
688;11/04/2026 18:36;Arthur Soares;SSD 500GB NVMe;Informática;1;260.0;Maringá;PR;Cartão de Crédito
689;12/04/2026 02:19;Bruna Vieira;Mini PC Intel;Informática;3;1250.0;Ibiporã;PR;Cartão de Crédito
690;12/04/2026 02:23;Felipe Santos;Memória RAM 16GB DDR4;Informática;1;320.0;Maringá;PR;Boleto Bancário
691;12/04/2026 08:00;Rafael Oliveira;SSD 500GB NVMe;Informática;1;260.0;Apucarana;PR;Boleto Bancário
692;12/04/2026 08:52;Larissa Santos;Memória RAM 16GB DDR4;Informática;8;320.0;Arapongas;PR;Cartão de Crédito
693;12/04/2026 09:47;Yasmin Almeida;Teclado Mecânico;Informática;12;249.9;Cambé;PR;Cartão de Crédito
694;12/04/2026 10:01;Vitor Soares;HD Externo 2TB;Informática;9;449.0;Apucarana;PR;Boleto Bancário
695;12/04/2026 10:41;Aline Gomes;Monitor Gamer 24 144Hz;Informática;12;980.0;Maringá;PR;Boleto Bancário
696;12/04/2026 10:53;Bruna Pereira;Impressora Tanque Tinta;Informática;1;1100.0;Arapongas;PR;Boleto Bancário
697;12/04/2026 11:49;Diego Alves;Tablet Android 10;Informática;1;899.0;Apucarana;PR;Cartão de Crédito
698;12/04/2026 15:11;Letícia Souza;Placa de Vídeo RX 7600;Informática;4;1650.0;Ibiporã;PR;Boleto Bancário
699;12/04/2026 17:23;Vitor Ferreira;Water Cooler 240mm;Informática;8;410.0;Ibiporã;PR;Cartão de Crédito
700;12/04/2026 19:03;Beatriz Ferreira;Placa-Mãe ASUS Prime;Informática;11;780.0;Apucarana;PR;Boleto Bancário
701;12/04/2026 20:05;Felipe Alves;Tablet Android 10;Informática;2;899.0;Londrina;PR;Pix
702;12/04/2026 22:46;Gabriel Almeida;Notebook Pro;Informática;4;6200.0;Arapongas;PR;Boleto Bancário
703;13/04/2026 02:09;Julia Fernandes;Scanner de Mesa;Informática;6;650.0;Arapongas;PR;Boleto Bancário
704;13/04/2026 10:50;Bruna Martins;Roteador Wi-Fi 6;Informática;3;320.0;Maringá;PR;Boleto Bancário
705;13/04/2026 13:43;Ana Alves;Monitor 21.5 IPS;Informática;12;599.0;Londrina;PR;Cartão de Crédito
706;13/04/2026 16:05;Larissa Silva;Fonte Real 750W;Informática;5;490.0;Apucarana;PR;Pix
707;13/04/2026 17:02;Daniel Souza;Caixa de Som PC;Informática;3;120.0;Londrina;PR;Pix
708;13/04/2026 21:53;Bruna Oliveira;Mini PC Intel;Informática;6;1250.0;Ibiporã;PR;Pix
709;13/04/2026 23:28;Thiago Soares;Fonte Real 750W;Informática;5;490.0;Londrina;PR;Boleto Bancário
710;14/04/2026 00:20;Beatriz Ferreira;Gabinete Gamer ATX;Informática;1;320.0;Cambé;PR;Pix
711;14/04/2026 08:32;Gustavo Fernandes;Fonte Real 650W;Informática;6;380.0;Arapongas;PR;Boleto Bancário
712;14/04/2026 09:29;Bruna Martins;Memória RAM 32GB DDR5;Informática;12;750.0;Arapongas;PR;Boleto Bancário
713;14/04/2026 11:32;Letícia Santos;Mini PC Intel;Informática;11;1250.0;Ibiporã;PR;Cartão de Crédito
714;14/04/2026 13:32;Lucas Santos;Webcam Full HD;Informática;10;210.0;Maringá;PR;Pix
715;14/04/2026 14:36;Amanda Carvalho;Mouse Sem Fio;Informática;6;89.9;Arapongas;PR;Boleto Bancário
716;14/04/2026 16:52;João Lopes;Memória RAM 32GB DDR5;Informática;11;750.0;Maringá;PR;Boleto Bancário
717;14/04/2026 20:11;Vinícius Lopes;Roteador Wi-Fi 6;Informática;4;320.0;Maringá;PR;Pix
718;14/04/2026 21:32;Rafael Souza;Impressora Tanque Tinta;Informática;9;1100.0;Maringá;PR;Pix
719;14/04/2026 22:40;Guilherme Carvalho;Cadeira Gamer;Informática;11;990.0;Cambé;PR;Cartão de Crédito
720;14/04/2026 23:10;Aline Souza;Mouse Gamer RGB;Informática;9;149.9;Cambé;PR;Boleto Bancário
721;15/04/2026 02:14;Rafael Santos;Memória RAM 16GB DDR4;Informática;6;320.0;Maringá;PR;Boleto Bancário
722;15/04/2026 03:08;André Costa;Processador AMD Ryzen 7;Informática;6;1780.0;Arapongas;PR;Pix
723;15/04/2026 08:02;Arthur Lopes;Mouse Sem Fio;Informática;12;89.9;Ibiporã;PR;Boleto Bancário
724;15/04/2026 10:25;Gustavo Fernandes;Water Cooler 240mm;Informática;4;410.0;Londrina;PR;Cartão de Crédito
725;15/04/2026 10:34;Felipe Rodrigues;SSD 2TB NVMe;Informática;10;820.0;Cambé;PR;Pix
726;15/04/2026 18:04;Leonardo Pereira;Switch Gigabit 8 Portas;Informática;10;135.0;Maringá;PR;Boleto Bancário
727;16/04/2026 00:01;Larissa Almeida;Fonte Real 650W;Informática;11;380.0;Londrina;PR;Pix
728;16/04/2026 10:45;Amanda Souza;Placa-Mãe MSI Gaming;Informática;8;890.0;Maringá;PR;Boleto Bancário
729;16/04/2026 11:55;Pedro Gomes;Switch Gigabit 8 Portas;Informática;12;135.0;Ibiporã;PR;Pix
730;16/04/2026 18:43;Beatriz Ferreira;SSD 2TB NVMe;Informática;8;820.0;Arapongas;PR;Cartão de Crédito
731;17/04/2026 05:12;Maria Lima;SSD 1TB NVMe;Informática;4;450.0;Londrina;PR;Pix
732;17/04/2026 05:42;Mateus Costa;Suporte Articulado;Informática;5;150.0;Arapongas;PR;Cartão de Crédito
733;17/04/2026 09:07;Bruna Pereira;Filtro Linha 6 Tomadas;Informática;4;49.9;Maringá;PR;Cartão de Crédito
734;17/04/2026 09:09;Arthur Soares;SSD 2TB NVMe;Informática;10;820.0;Arapongas;PR;Boleto Bancário
735;17/04/2026 10:59;Beatriz Gomes;Mouse Gamer RGB;Informática;4;149.9;Arapongas;PR;Pix
736;17/04/2026 13:09;Arthur Alves;Cadeira Gamer;Informática;10;990.0;Ibiporã;PR;Pix
737;17/04/2026 17:33;Amanda Santos;Nobreak 1500VA;Informática;7;799.0;Cambé;PR;Boleto Bancário
738;17/04/2026 19:38;Enzo Lima;Adaptador Bluetooth USB;Informática;9;39.9;Cambé;PR;Boleto Bancário
739;17/04/2026 19:40;André Almeida;Scanner de Mesa;Informática;9;650.0;Londrina;PR;Pix
740;18/04/2026 08:53;Arthur Alves;Monitor 21.5 IPS;Informática;4;599.0;Cambé;PR;Boleto Bancário
741;18/04/2026 11:57;Letícia Costa;Caixa de Som PC;Informática;1;120.0;Cambé;PR;Pix
742;18/04/2026 14:21;André Costa;Monitor 4K 32;Informática;11;2400.0;Londrina;PR;Cartão de Crédito
743;18/04/2026 15:06;Arthur Soares;Cooler Fan 120mm;Informática;7;45.0;Apucarana;PR;Pix
744;18/04/2026 16:07;Beatriz Fernandes;Monitor 21.5 IPS;Informática;7;599.0;Apucarana;PR;Boleto Bancário
745;18/04/2026 17:02;Amanda Souza;Placa de Vídeo RX 7600;Informática;9;1650.0;Maringá;PR;Pix
746;18/04/2026 17:47;Aline Ferreira;Notebook Pro;Informática;2;6200.0;Ibiporã;PR;Boleto Bancário
747;18/04/2026 19:49;Amanda Gomes;Memória RAM 16GB DDR4;Informática;10;320.0;Ibiporã;PR;Boleto Bancário
748;18/04/2026 20:50;Ana Gomes;Memória RAM 32GB DDR5;Informática;7;750.0;Apucarana;PR;Pix
749;19/04/2026 05:31;Thiago Souza;Processador AMD Ryzen 7;Informática;8;1780.0;Cambé;PR;Boleto Bancário
750;19/04/2026 07:11;Thiago Costa;HD Externo 1TB;Informática;2;299.0;Apucarana;PR;Pix
751;19/04/2026 15:38;João Santos;Impressora Tanque Tinta;Informática;12;1100.0;Maringá;PR;Boleto Bancário
752;19/04/2026 16:23;João Ribeiro;Nobreak 1500VA;Informática;2;799.0;Londrina;PR;Boleto Bancário
753;19/04/2026 22:16;Felipe Oliveira;Mousepad Extended;Informática;6;69.9;Londrina;PR;Boleto Bancário
754;19/04/2026 23:03;Gabriel Almeida;Scanner de Mesa;Informática;12;650.0;Cambé;PR;Boleto Bancário
755;20/04/2026 04:55;Arthur Pereira;SSD 1TB NVMe;Informática;9;450.0;Arapongas;PR;Cartão de Crédito
756;20/04/2026 05:44;Gabriel Vieira;Cadeira Gamer;Informática;6;990.0;Cambé;PR;Boleto Bancário
757;20/04/2026 09:36;Enzo Soares;SSD 500GB NVMe;Informática;3;260.0;Maringá;PR;Boleto Bancário
758;20/04/2026 12:00;Felipe Lopes;Placa de Vídeo RX 7600;Informática;5;1650.0;Apucarana;PR;Boleto Bancário
759;20/04/2026 14:14;Guilherme Santos;Cadeira Gamer;Informática;5;990.0;Ibiporã;PR;Cartão de Crédito
760;20/04/2026 17:31;Enzo Vieira;Memória RAM 16GB DDR4;Informática;4;320.0;Londrina;PR;Boleto Bancário
761;20/04/2026 17:49;Pedro Ribeiro;Suporte Articulado;Informática;1;150.0;Arapongas;PR;Pix
762;20/04/2026 21:23;Vitor Soares;Monitor Gamer 27 165Hz;Informática;1;1350.0;Cambé;PR;Pix
763;21/04/2026 03:00;Arthur Fernandes;Fonte Real 750W;Informática;10;490.0;Ibiporã;PR;Pix
764;21/04/2026 03:50;Vitor Souza;Monitor 21.5 IPS;Informática;8;599.0;Londrina;PR;Boleto Bancário
765;21/04/2026 05:06;Larissa Lima;Switch Gigabit 8 Portas;Informática;4;135.0;Cambé;PR;Pix
766;21/04/2026 05:08;Vitor Barbosa;Notebook Home;Informática;9;2499.0;Maringá;PR;Cartão de Crédito
767;21/04/2026 11:40;Guilherme Carvalho;SSD 2TB NVMe;Informática;1;820.0;Ibiporã;PR;Pix
768;21/04/2026 12:01;Guilherme Carvalho;Placa de Vídeo RTX 4060;Informática;1;2100.0;Ibiporã;PR;Boleto Bancário
769;21/04/2026 23:20;Lucas Pereira;Switch Gigabit 8 Portas;Informática;6;135.0;Londrina;PR;Cartão de Crédito
770;22/04/2026 00:33;Julia Carvalho;Memória RAM 8GB DDR4;Informática;3;180.0;Maringá;PR;Boleto Bancário
771;22/04/2026 02:58;Letícia Santos;Cooler Fan 120mm;Informática;11;45.0;Ibiporã;PR;Boleto Bancário
772;22/04/2026 05:46;Aline Santos;Switch Gigabit 8 Portas;Informática;9;135.0;Maringá;PR;Pix
773;22/04/2026 07:53;Bruna Silva;Filtro Linha 6 Tomadas;Informática;6;49.9;Londrina;PR;Cartão de Crédito
774;22/04/2026 08:26;Lucas Pereira;Cadeira Gamer;Informática;6;990.0;Apucarana;PR;Pix
775;22/04/2026 11:46;André Martins;Placa-Mãe ASUS Prime;Informática;7;780.0;Cambé;PR;Cartão de Crédito
776;22/04/2026 20:50;Pedro Gomes;Cooler Fan 120mm;Informática;3;45.0;Londrina;PR;Boleto Bancário
777;22/04/2026 20:52;Beatriz Lima;Water Cooler 240mm;Informática;9;410.0;Arapongas;PR;Boleto Bancário
778;22/04/2026 23:37;Rodrigo Carvalho;HD Externo 2TB;Informática;4;449.0;Cambé;PR;Cartão de Crédito
779;23/04/2026 01:08;Aline Santos;Memória RAM 8GB DDR4;Informática;12;180.0;Ibiporã;PR;Boleto Bancário
780;23/04/2026 01:37;Gustavo Costa;Placa-Mãe MSI Gaming;Informática;12;890.0;Ibiporã;PR;Boleto Bancário
781;23/04/2026 03:33;Rafael Oliveira;Scanner de Mesa;Informática;7;650.0;Cambé;PR;Pix
782;23/04/2026 09:53;Diego Alves;Gabinete Gamer ATX;Informática;10;320.0;Cambé;PR;Pix
783;23/04/2026 10:26;Yasmin Lima;Memória RAM 32GB DDR5;Informática;10;750.0;Arapongas;PR;Boleto Bancário
784;23/04/2026 14:33;João Vieira;Nobreak 1500VA;Informática;8;799.0;Arapongas;PR;Cartão de Crédito
785;23/04/2026 14:49;Larissa Almeida;Notebook Home;Informática;12;2499.0;Apucarana;PR;Cartão de Crédito
786;23/04/2026 23:44;Gabriel Fernandes;Processador Intel i7;Informática;1;1950.0;Arapongas;PR;Boleto Bancário
787;24/04/2026 02:36;Letícia Costa;Memória RAM 16GB DDR4;Informática;4;320.0;Cambé;PR;Pix
788;24/04/2026 02:57;Gabriel Martins;Webcam Full HD;Informática;6;210.0;Apucarana;PR;Boleto Bancário
789;24/04/2026 07:54;Yasmin Vieira;Notebook Gamer;Informática;1;5499.0;Ibiporã;PR;Cartão de Crédito
790;24/04/2026 08:11;Letícia Souza;Impressora Tanque Tinta;Informática;5;1100.0;Londrina;PR;Pix
791;24/04/2026 11:28;Rodrigo Alves;Mouse Sem Fio;Informática;9;89.9;Apucarana;PR;Cartão de Crédito
792;24/04/2026 11:48;Vinícius Lopes;Memória RAM 16GB DDR4;Informática;6;320.0;Apucarana;PR;Pix
793;24/04/2026 13:17;Leonardo Pereira;Nobreak 1500VA;Informática;10;799.0;Londrina;PR;Cartão de Crédito
794;24/04/2026 15:10;Beatriz Lima;HD Externo 1TB;Informática;6;299.0;Ibiporã;PR;Pix
795;24/04/2026 21:13;André Almeida;Monitor Gamer 24 144Hz;Informática;11;980.0;Maringá;PR;Pix
796;25/04/2026 07:34;Vitor Barbosa;SSD 500GB NVMe;Informática;8;260.0;Cambé;PR;Pix
797;25/04/2026 17:35;Guilherme Martins;Monitor 21.5 IPS;Informática;12;599.0;Londrina;PR;Boleto Bancário
798;25/04/2026 19:00;Leonardo Alves;Mouse Sem Fio;Informática;12;89.9;Ibiporã;PR;Pix
799;25/04/2026 21:59;Gabriel Oliveira;Repetidor Wi-Fi;Informática;1;89.0;Maringá;PR;Boleto Bancário
800;26/04/2026 01:03;Beatriz Lima;Mini PC Intel;Informática;6;1250.0;Londrina;PR;Cartão de Crédito
801;26/04/2026 07:09;Rafael Silva;Water Cooler 240mm;Informática;6;410.0;Arapongas;PR;Boleto Bancário
802;26/04/2026 07:48;Beatriz Fernandes;Roteador Wi-Fi 6;Informática;10;320.0;Cambé;PR;Pix
803;26/04/2026 10:04;Enzo Lima;SSD 2TB NVMe;Informática;2;820.0;Apucarana;PR;Boleto Bancário
804;26/04/2026 11:23;André Santos;Mouse Gamer RGB;Informática;1;149.9;Apucarana;PR;Pix
805;26/04/2026 14:19;Guilherme Ribeiro;Placa-Mãe MSI Gaming;Informática;4;890.0;Apucarana;PR;Pix
806;26/04/2026 16:09;Arthur Fernandes;Mouse Sem Fio;Informática;9;89.9;Apucarana;PR;Cartão de Crédito
807;26/04/2026 19:03;Bruna Vieira;Memória RAM 16GB DDR4;Informática;1;320.0;Maringá;PR;Cartão de Crédito
808;26/04/2026 22:38;Rodrigo Alves;Mousepad Extended;Informática;1;69.9;Arapongas;PR;Boleto Bancário
809;27/04/2026 00:46;Letícia Pereira;SSD 500GB NVMe;Informática;6;260.0;Arapongas;PR;Boleto Bancário
810;27/04/2026 02:20;Diego Pereira;Monitor 4K 32;Informática;6;2400.0;Maringá;PR;Cartão de Crédito
811;27/04/2026 02:42;Amanda Vieira;Monitor 4K 32;Informática;3;2400.0;Maringá;PR;Boleto Bancário
812;27/04/2026 02:43;Beatriz Gomes;Placa de Vídeo RTX 4060;Informática;7;2100.0;Ibiporã;PR;Boleto Bancário
813;27/04/2026 08:19;Larissa Lima;Memória RAM 16GB DDR4;Informática;5;320.0;Londrina;PR;Boleto Bancário
814;27/04/2026 09:12;Bruna Martins;Switch Gigabit 8 Portas;Informática;6;135.0;Arapongas;PR;Cartão de Crédito
815;27/04/2026 11:43;Amanda Costa;Memória RAM 8GB DDR4;Informática;11;180.0;Ibiporã;PR;Pix
816;27/04/2026 12:26;Julia Oliveira;Processador AMD Ryzen 7;Informática;5;1780.0;Ibiporã;PR;Cartão de Crédito
817;27/04/2026 17:09;Vitor Lima;Mouse Gamer RGB;Informática;4;149.9;Apucarana;PR;Pix
818;27/04/2026 20:34;Guilherme Almeida;Roteador Wi-Fi 6;Informática;8;320.0;Ibiporã;PR;Cartão de Crédito
819;28/04/2026 01:18;Gustavo Fernandes;Water Cooler 240mm;Informática;3;410.0;Apucarana;PR;Cartão de Crédito
820;28/04/2026 02:07;Aline Gomes;Processador Intel i7;Informática;9;1950.0;Cambé;PR;Cartão de Crédito
821;28/04/2026 02:55;Lucas Vieira;HD Externo 2TB;Informática;6;449.0;Cambé;PR;Pix
822;28/04/2026 07:13;Thiago Rodrigues;Water Cooler 240mm;Informática;12;410.0;Apucarana;PR;Boleto Bancário
823;28/04/2026 11:09;Gabriel Vieira;Fonte Real 750W;Informática;2;490.0;Apucarana;PR;Boleto Bancário
824;28/04/2026 18:47;Lucas Vieira;Teclado Mecânico;Informática;8;249.9;Londrina;PR;Cartão de Crédito
825;28/04/2026 19:11;Pedro Gomes;Processador AMD Ryzen 7;Informática;11;1780.0;Londrina;PR;Cartão de Crédito
826;28/04/2026 20:16;Vitor Ferreira;Headset Bluetooth;Informática;2;280.0;Arapongas;PR;Pix
827;28/04/2026 22:09;Rafael Souza;SSD 2TB NVMe;Informática;10;820.0;Cambé;PR;Boleto Bancário
828;29/04/2026 05:03;Daniel Barbosa;Impressora Tanque Tinta;Informática;8;1100.0;Cambé;PR;Pix
829;29/04/2026 18:39;Amanda Rodrigues;Mouse Sem Fio;Informática;4;89.9;Ibiporã;PR;Boleto Bancário
830;29/04/2026 21:46;Thiago Vieira;Roteador Wi-Fi 6;Informática;8;320.0;Cambé;PR;Cartão de Crédito
831;29/04/2026 22:13;Rodrigo Carvalho;Placa-Mãe MSI Gaming;Informática;8;890.0;Londrina;PR;Pix
832;29/04/2026 22:19;Vinícius Lopes;Mouse Sem Fio;Informática;11;89.9;Ibiporã;PR;Pix
833;30/04/2026 03:17;Larissa Almeida;Monitor Gamer 24 144Hz;Informática;4;980.0;Maringá;PR;Boleto Bancário
834;30/04/2026 04:39;Diego Carvalho;Gabinete Gamer ATX;Informática;7;320.0;Maringá;PR;Boleto Bancário
835;30/04/2026 09:10;Beatriz Lima;Tablet Android 10;Informática;6;899.0;Arapongas;PR;Pix
836;30/04/2026 13:03;Amanda Ribeiro;Processador AMD Ryzen 7;Informática;8;1780.0;Londrina;PR;Pix
837;30/04/2026 15:56;Ana Lopes;Monitor Gamer 24 144Hz;Informática;3;980.0;Apucarana;PR;Pix
839;01/05/2026 01:40;Ana Lima;Caixa de Som PC;Informática;2;120.0;Apucarana;PR;Boleto Bancário
